p,d,t
1,1,5.586e-06
1,1,1.034e-06
1,1,9.34e-07
1,1,9.17e-07
1,1,9.47e-07
1,2,1.708e-06
1,2,1.718e-06
1,2,1.598e-06
1,2,1.573e-06
1,2,1.513e-06
1,3,1.932e-06
1,3,1.808e-06
1,3,1.1936e-05
1,3,1.453e-06
1,3,1.797e-06
1,4,2.852e-06
1,4,1.933e-06
1,4,1.93e-06
1,4,1.683e-06
1,4,1.676e-06
1,5,2.108e-06
1,5,1.766e-06
1,5,2.071e-06
1,5,1.797e-06
1,5,1.637e-06
1,6,2.443e-06
1,6,2.283e-06
1,6,2.008e-06
1,6,1.968e-06
1,6,1.95e-06
1,7,2.293e-06
1,7,2.351e-06
1,7,1.846e-06
1,7,2.277e-06
1,7,2.27e-06
1,8,3.061e-06
1,8,2.154e-06
1,8,2.088e-06
1,8,2.647e-06
1,8,1.993e-06
1,9,2.912e-06
1,9,2.652e-06
1,9,2.282e-06
1,9,2.257e-06
1,9,2.261e-06
1,10,3.965e-06
1,10,2.889e-06
1,10,2.771e-06
1,10,2.576e-06
1,10,2.627e-06
1,11,3.563e-06
1,11,3.026e-06
1,11,2.916e-06
1,11,3.092e-06
1,11,2.999e-06
1,12,4.107e-06
1,12,3.478e-06
1,12,3.382e-06
1,12,3.568e-06
1,12,3.419e-06
1,13,4.319e-06
1,13,4.473e-06
1,13,3.949e-06
1,13,3.987e-06
1,13,3.778e-06
1,14,5.079e-06
1,14,4.506e-06
1,14,4.48e-06
1,14,4.244e-06
1,14,4.343e-06
1,15,5.804e-06
1,15,4.882e-06
1,15,4.79e-06
1,15,4.829e-06
1,15,4.88e-06
1,16,6.707e-06
1,16,3.597e-06
1,16,3.392e-06
1,16,3.188e-06
1,16,5.562e-06
1,17,4.298e-06
1,17,3.796e-06
1,17,3.695e-06
1,17,3.504e-06
1,17,3.657e-06
1,18,4.501e-06
1,18,4.111e-06
1,18,6.817e-06
1,18,3.794e-06
1,18,3.776e-06
1,19,4.914e-06
1,19,4.477e-06
1,19,4.215e-06
1,19,4.198e-06
1,19,3.902e-06
1,20,5.443e-06
1,20,4.864e-06
1,20,4.492e-06
1,20,4.526e-06
1,20,4.443e-06
1,21,5.547e-06
1,21,4.875e-06
1,21,4.71e-06
1,21,4.586e-06
1,21,4.586e-06
1,22,5.896e-06
1,22,5.336e-06
1,22,5.098e-06
1,22,4.9e-06
1,22,5.082e-06
1,23,6.23e-06
1,23,5.612e-06
1,23,5.661e-06
1,23,5.453e-06
1,23,5.426e-06
1,24,6.651e-06
1,24,6.37e-06
1,24,6.152e-06
1,24,6.201e-06
1,24,5.965e-06
1,25,6.712e-06
1,25,6.579e-06
1,25,6.851e-06
1,25,6.367e-06
1,25,6.185e-06
1,26,7.523e-06
1,26,7.131e-06
1,26,7.42e-06
1,26,6.96e-06
1,26,6.979e-06
1,27,7.705e-06
1,27,7.04e-06
1,27,6.77e-06
1,27,6.673e-06
1,27,6.589e-06
1,28,8.831e-06
1,28,7.769e-06
1,28,7.413e-06
1,28,7.224e-06
1,28,7.157e-06
1,29,8.513e-06
1,29,8.384e-06
1,29,8.192e-06
1,29,7.942e-06
1,29,2.5065e-05
1,30,4.338e-06
1,30,3.632e-06
1,30,3.571e-06
1,30,3.504e-06
1,30,3.511e-06
1,31,4.15e-06
1,31,3.833e-06
1,31,3.696e-06
1,31,3.76e-06
1,31,3.568e-06
1,32,4.314e-06
1,32,3.998e-06
1,32,3.975e-06
1,32,3.904e-06
1,32,3.869e-06
1,33,4.212e-06
1,33,4.083e-06
1,33,4.019e-06
1,33,4.096e-06
1,33,3.901e-06
1,34,4.566e-06
1,34,4.329e-06
1,34,4.337e-06
1,34,4.276e-06
1,34,4.239e-06
1,35,4.522e-06
1,35,4.56e-06
1,35,4.48e-06
1,35,4.44e-06
1,35,4.46e-06
1,36,4.886e-06
1,36,4.677e-06
1,36,4.624e-06
1,36,4.629e-06
1,36,4.586e-06
1,37,4.929e-06
1,37,4.854e-06
1,37,4.758e-06
1,37,4.823e-06
1,37,4.772e-06
1,38,5.295e-06
1,38,5.132e-06
1,38,5.111e-06
1,38,5.117e-06
1,38,5.059e-06
1,39,5.39e-06
1,39,5.352e-06
1,39,5.397e-06
1,39,5.299e-06
1,39,5.299e-06
1,40,5.777e-06
1,40,5.577e-06
1,40,5.485e-06
1,40,5.468e-06
1,40,5.432e-06
1,41,5.777e-06
1,41,5.745e-06
1,41,5.701e-06
1,41,5.668e-06
1,41,5.643e-06
1,42,6.249e-06
1,42,6.082e-06
1,42,6.128e-06
1,42,5.893e-06
1,42,5.95e-06
1,43,6.364e-06
1,43,6.209e-06
1,43,6.372e-06
1,43,6.36e-06
1,43,6.256e-06
1,44,6.884e-06
1,44,1.2002e-05
1,44,7.216e-06
1,44,6.462e-06
1,44,6.384e-06
1,45,6.889e-06
1,45,6.755e-06
1,45,6.797e-06
1,45,6.696e-06
1,45,6.627e-06
1,46,7.286e-06
1,46,7.092e-06
1,46,7.004e-06
1,46,6.969e-06
1,46,7.028e-06
1,47,7.35e-06
1,47,7.373e-06
1,47,7.292e-06
1,47,7.529e-06
1,47,7.347e-06
1,48,7.941e-06
1,48,7.713e-06
1,48,7.606e-06
1,48,7.873e-06
1,48,7.717e-06
1,49,8.132e-06
1,49,7.994e-06
1,49,8.459e-06
1,49,8.173e-06
1,49,8.03e-06
1,50,8.429e-06
1,50,8.291e-06
1,50,8.258e-06
1,50,8.364e-06
1,50,8.247e-06
1,51,8.669e-06
1,51,8.505e-06
1,51,8.683e-06
1,51,8.543e-06
1,51,8.581e-06
1,52,9.13e-06
1,52,8.91e-06
1,52,8.856e-06
1,52,9.06e-06
1,52,8.881e-06
1,53,1.5042e-05
1,53,9.178e-06
1,53,8.995e-06
1,53,8.915e-06
1,53,8.906e-06
1,54,9.47e-06
1,54,9.273e-06
1,54,9.16e-06
1,54,9.157e-06
1,54,9.106e-06
1,55,9.599e-06
1,55,9.587e-06
1,55,9.574e-06
1,55,9.528e-06
1,55,9.526e-06
1,56,9.963e-06
1,56,9.882e-06
1,56,9.887e-06
1,56,1.0417e-05
1,56,1.0143e-05
1,57,1.0611e-05
1,57,1.0479e-05
1,57,1.068e-05
1,57,1.0392e-05
1,57,1.0391e-05
1,58,1.0958e-05
1,58,1.0978e-05
1,58,1.0803e-05
1,58,1.0872e-05
1,58,1.2e-05
1,59,1.8641e-05
1,59,1.1698e-05
1,59,1.1022e-05
1,59,1.0918e-05
1,59,1.0921e-05
1,60,1.1551e-05
1,60,1.1747e-05
1,60,1.6193e-05
1,60,1.1461e-05
1,60,1.1189e-05
1,61,1.1938e-05
1,61,1.1802e-05
1,61,1.1909e-05
1,61,1.1622e-05
1,61,1.1679e-05
1,62,1.2313e-05
1,62,1.2338e-05
1,62,1.2194e-05
1,62,1.2079e-05
1,62,1.2172e-05
1,63,1.2347e-05
1,63,1.2582e-05
1,63,1.2295e-05
1,63,1.2391e-05
1,63,1.2441e-05
1,64,1.3092e-05
1,64,1.2844e-05
1,64,1.2755e-05
1,64,1.273e-05
1,64,1.2888e-05
1,65,1.3195e-05
1,65,1.3558e-05
1,65,1.3165e-05
1,65,1.3199e-05
1,65,1.3073e-05
1,66,1.3931e-05
1,66,1.337e-05
1,66,1.3638e-05
1,66,1.3504e-05
1,66,1.355e-05
1,67,1.4051e-05
1,67,1.4033e-05
1,67,1.3957e-05
1,67,1.4123e-05
1,67,1.3979e-05
1,68,1.4479e-05
1,68,1.4316e-05
1,68,1.4499e-05
1,68,1.4189e-05
1,68,1.4097e-05
1,69,1.4513e-05
1,69,1.4452e-05
1,69,1.4508e-05
1,69,1.4783e-05
1,69,1.4759e-05
1,70,1.5225e-05
1,70,1.5113e-05
1,70,1.5099e-05
1,70,1.5073e-05
1,70,1.5136e-05
1,71,1.5427e-05
1,71,1.5533e-05
1,71,1.5377e-05
1,71,1.5672e-05
1,71,1.54e-05
1,72,1.6001e-05
1,72,1.5977e-05
1,72,1.5956e-05
1,72,1.5767e-05
1,72,1.564e-05
1,73,1.6263e-05
1,73,1.6124e-05
1,73,1.6238e-05
1,73,1.6462e-05
1,73,1.6313e-05
1,74,3.7782e-05
1,74,1.7254e-05
1,74,1.6564e-05
1,74,1.6621e-05
1,74,1.6541e-05
1,75,1.6914e-05
1,75,1.7396e-05
1,75,1.6936e-05
1,75,1.6961e-05
1,75,1.6904e-05
1,76,1.7663e-05
1,76,1.7452e-05
1,76,1.7495e-05
1,76,1.734e-05
1,76,1.7561e-05
1,77,1.8167e-05
1,77,1.8163e-05
1,77,1.8132e-05
1,77,1.8098e-05
1,77,1.809e-05
1,78,1.8486e-05
1,78,1.8419e-05
1,78,1.8376e-05
1,78,1.8654e-05
1,78,1.8413e-05
1,79,1.8857e-05
1,79,1.8937e-05
1,79,1.8921e-05
1,79,1.8905e-05
1,79,1.9025e-05
1,80,1.9449e-05
1,80,2.8723e-05
1,80,1.9526e-05
1,80,1.9469e-05
1,80,1.9731e-05
1,81,1.9973e-05
1,81,1.9988e-05
1,81,1.9841e-05
1,81,1.9785e-05
1,81,2.0091e-05
1,82,2.0581e-05
1,82,2.053e-05
1,82,2.0399e-05
1,82,2.0417e-05
1,82,2.0321e-05
1,83,2.0907e-05
1,83,2.0855e-05
1,83,2.0898e-05
1,83,2.0741e-05
1,83,2.0932e-05
1,84,2.1543e-05
1,84,2.1499e-05
1,84,2.1536e-05
1,84,3.1708e-05
1,84,2.1329e-05
1,85,2.1468e-05
1,85,2.1783e-05
1,85,2.1405e-05
1,85,2.172e-05
1,85,2.1816e-05
1,86,2.1949e-05
1,86,5.8555e-05
1,86,2.3428e-05
1,86,2.2257e-05
1,86,2.2347e-05
1,87,2.2909e-05
1,87,2.2685e-05
1,87,2.3204e-05
1,87,2.261e-05
1,87,2.2733e-05
1,88,2.3399e-05
1,88,2.4112e-05
1,88,2.4163e-05
1,88,2.3859e-05
1,88,2.5156e-05
1,89,4.1205e-05
1,89,5.0306e-05
1,89,3.3039e-05
1,89,2.4749e-05
1,89,2.4683e-05
1,90,2.6089e-05
1,90,2.6237e-05
1,90,2.5175e-05
1,90,2.5127e-05
1,90,2.5092e-05
1,91,2.612e-05
1,91,2.6001e-05
1,91,2.6025e-05
1,91,2.5878e-05
1,91,2.709e-05
1,92,2.6783e-05
1,92,2.6802e-05
1,92,2.6651e-05
1,92,2.6719e-05
1,92,2.662e-05
1,93,2.7019e-05
1,93,2.7075e-05
1,93,2.6943e-05
1,93,2.5898e-05
1,93,4.3329e-05
1,94,2.6404e-05
1,94,2.6387e-05
1,94,2.6134e-05
1,94,2.6486e-05
1,94,2.6191e-05
1,95,2.666e-05
1,95,2.6396e-05
1,95,2.6433e-05
1,95,2.644e-05
1,95,2.6423e-05
1,96,2.7029e-05
1,96,2.6987e-05
1,96,2.6969e-05
1,96,2.7012e-05
1,96,2.7013e-05
1,97,2.768e-05
1,97,2.7461e-05
1,97,2.7663e-05
1,97,5.9397e-05
1,97,2.8429e-05
1,98,2.8985e-05
1,98,2.8731e-05
1,98,2.8822e-05
1,98,2.9007e-05
1,98,2.929e-05
1,99,2.9754e-05
1,99,2.9813e-05
1,99,2.9707e-05
1,99,2.9672e-05
1,99,2.9725e-05
1,100,3.066e-05
1,100,3.0461e-05
1,100,3.0604e-05
1,100,2.9717e-05
1,100,2.9655e-05
1,101,2.9959e-05
1,101,3.153e-05
1,101,3.0233e-05
1,101,3.0666e-05
1,101,3.0397e-05
1,102,3.1036e-05
1,102,3.0813e-05
1,102,3.0588e-05
1,102,3.151e-05
1,102,3.1385e-05
1,103,3.2147e-05
1,103,3.2089e-05
1,103,3.2065e-05
1,103,3.1764e-05
1,103,3.2039e-05
1,104,3.2656e-05
1,104,3.2602e-05
1,104,3.3092e-05
1,104,3.2731e-05
1,104,3.2628e-05
1,105,3.3206e-05
1,105,3.315e-05
1,105,3.2346e-05
1,105,3.2167e-05
1,105,3.2571e-05
1,106,4.0004e-05
1,106,3.2989e-05
1,106,3.2606e-05
1,106,3.247e-05
1,106,3.2478e-05
1,107,3.3136e-05
1,107,3.3084e-05
1,107,4.1381e-05
1,107,3.3471e-05
1,107,3.3876e-05
1,108,3.3918e-05
1,108,3.3854e-05
1,108,3.3735e-05
1,108,3.3859e-05
1,108,3.3726e-05
1,109,3.4413e-05
1,109,3.432e-05
1,109,3.4991e-05
1,109,3.4537e-05
1,109,3.4835e-05
1,110,3.5705e-05
1,110,3.545e-05
1,110,4.3991e-05
1,110,3.5458e-05
1,110,3.5341e-05
1,111,3.5721e-05
1,111,3.6042e-05
1,111,3.575e-05
1,111,3.5942e-05
1,111,3.5842e-05
1,112,3.6877e-05
1,112,3.6448e-05
1,112,3.6799e-05
1,112,3.6252e-05
1,112,3.6627e-05
1,113,3.7154e-05
1,113,3.8272e-05
1,113,3.7492e-05
1,113,3.743e-05
1,113,3.7173e-05
1,114,3.7888e-05
1,114,3.7731e-05
1,114,4.8278e-05
1,114,3.7881e-05
1,114,3.7827e-05
1,115,3.8543e-05
1,115,3.8474e-05
1,115,3.8399e-05
1,115,3.843e-05
1,115,3.8128e-05
1,116,3.9561e-05
1,116,3.8893e-05
1,116,3.9054e-05
1,116,3.9011e-05
1,116,3.9165e-05
1,117,3.9681e-05
1,117,3.9515e-05
1,117,3.951e-05
1,117,3.9686e-05
1,117,3.9832e-05
1,118,4.0833e-05
1,118,4.0256e-05
1,118,4.0456e-05
1,118,4.0463e-05
1,118,4.0296e-05
1,119,4.0986e-05
1,119,4.0684e-05
1,119,4.1023e-05
1,119,4.0768e-05
1,119,4.9535e-05
1,120,4.1866e-05
1,120,4.1795e-05
1,120,4.191e-05
1,120,4.1592e-05
1,120,4.1581e-05
1,121,4.2305e-05
1,121,4.2492e-05
1,121,4.3138e-05
1,121,4.2209e-05
1,121,4.2445e-05
1,122,4.3155e-05
1,122,4.3152e-05
1,122,4.386e-05
1,122,4.3204e-05
1,122,4.2952e-05
1,123,4.403e-05
1,123,4.3679e-05
1,123,4.4261e-05
1,123,4.3756e-05
1,123,4.3882e-05
1,124,4.465e-05
1,124,4.3865e-05
1,124,6.1805e-05
1,124,4.3886e-05
1,124,4.4e-05
1,125,4.6058e-05
1,125,4.5871e-05
1,125,4.5683e-05
1,125,4.6388e-05
1,125,4.5719e-05
1,126,4.6722e-05
1,126,4.6344e-05
1,126,4.6596e-05
1,126,4.6393e-05
1,126,4.5992e-05
1,127,4.6064e-05
1,127,4.6637e-05
1,127,4.6295e-05
1,127,4.6502e-05
1,127,5.0107e-05
1,128,4.7514e-05
1,128,4.7116e-05
1,128,4.6889e-05
1,128,4.7073e-05
1,128,4.7061e-05
1,129,7.5038e-05
1,129,5.1364e-05
1,129,5.1509e-05
1,129,5.1061e-05
1,129,5.0982e-05
1,130,5.1863e-05
1,130,5.2777e-05
1,130,5.1772e-05
1,130,5.9995e-05
1,130,5.8865e-05
1,131,5.3034e-05
1,131,5.1695e-05
1,131,5.1604e-05
1,131,5.1564e-05
1,131,5.2322e-05
1,132,5.3173e-05
1,132,5.2308e-05
1,132,5.2361e-05
1,132,6.0732e-05
1,132,5.0288e-05
1,133,5.9911e-05
1,133,5.1097e-05
1,133,5.0352e-05
1,133,5.1548e-05
1,133,5.1654e-05
1,134,5.3167e-05
1,134,5.3229e-05
1,134,5.286e-05
1,134,5.3033e-05
1,134,5.2988e-05
1,135,5.3808e-05
1,135,5.3779e-05
1,135,6.141e-05
1,135,5.2884e-05
1,135,5.4347e-05
1,136,5.4311e-05
1,136,5.4414e-05
1,136,5.4348e-05
1,136,5.4364e-05
1,136,5.4256e-05
1,137,5.5227e-05
1,137,6.231e-05
1,137,5.3162e-05
1,137,5.3797e-05
1,137,5.3219e-05
1,138,5.396e-05
1,138,5.3969e-05
1,138,5.4039e-05
1,138,5.4106e-05
1,138,5.4007e-05
1,139,5.4846e-05
1,139,5.479e-05
1,139,5.5323e-05
1,139,5.4802e-05
1,139,5.4828e-05
1,140,5.5442e-05
1,140,5.5444e-05
1,140,8.1986e-05
1,140,5.6668e-05
1,140,5.5988e-05
1,141,5.6919e-05
1,141,5.908e-05
1,141,5.9463e-05
1,141,5.8395e-05
1,141,5.8241e-05
1,142,5.8956e-05
1,142,6.0478e-05
1,142,5.936e-05
1,142,5.7853e-05
1,142,5.9468e-05
1,143,6.0389e-05
1,143,6.0052e-05
1,143,6.0045e-05
1,143,5.9989e-05
1,143,5.9785e-05
1,144,6.073e-05
1,144,5.9312e-05
1,144,5.9209e-05
1,144,5.9317e-05
1,144,6.8288e-05
1,145,5.9519e-05
1,145,5.946e-05
1,145,5.9405e-05
1,145,5.9386e-05
1,145,5.9427e-05
1,146,6.0342e-05
1,146,6.0192e-05
1,146,6.0894e-05
1,146,6.0265e-05
1,146,6.0248e-05
1,147,6.1106e-05
1,147,6.1115e-05
1,147,6.107e-05
1,147,6.1105e-05
1,147,6.1008e-05
1,148,6.3081e-05
1,148,6.1878e-05
1,148,7.1352e-05
1,148,6.4133e-05
1,148,6.3955e-05
1,149,6.5268e-05
1,149,6.4926e-05
1,149,6.4834e-05
1,149,6.5737e-05
1,149,6.4261e-05
1,150,6.3915e-05
1,150,6.3765e-05
1,150,6.4064e-05
1,150,6.4048e-05
1,150,6.3761e-05
1,151,6.4873e-05
1,151,6.5186e-05
1,151,6.4754e-05
1,151,6.4806e-05
1,151,6.4986e-05
1,152,6.5646e-05
1,152,6.5589e-05
1,152,6.5996e-05
1,152,6.577e-05
1,152,6.6183e-05
1,153,9.5887e-05
1,153,6.8396e-05
1,153,6.8006e-05
1,153,6.9783e-05
1,153,6.9502e-05
1,154,7.8988e-05
1,154,7.0736e-05
1,154,7.2024e-05
1,154,7.055e-05
1,154,6.7164e-05
1,155,6.8362e-05
1,155,6.8142e-05
1,155,6.8207e-05
1,155,6.8706e-05
1,155,6.8209e-05
1,156,6.9288e-05
1,156,6.9375e-05
1,156,7.035e-05
1,156,7.0518e-05
1,156,6.921e-05
1,157,7.0739e-05
1,157,7.1164e-05
1,157,7.0129e-05
1,157,7.0123e-05
1,157,7.9701e-05
1,158,7.0964e-05
1,158,7.0351e-05
1,158,7.0799e-05
1,158,7.2298e-05
1,158,7.2022e-05
1,159,7.2939e-05
1,159,7.2931e-05
1,159,7.2819e-05
1,159,7.2929e-05
1,159,7.1604e-05
1,160,7.4113e-05
1,160,7.3787e-05
1,160,7.2744e-05
1,160,7.4553e-05
1,160,7.4433e-05
1,161,7.6639e-05
1,161,7.6439e-05
1,161,7.54e-05
1,161,7.3622e-05
1,161,7.3214e-05
1,162,7.4363e-05
1,162,7.4205e-05
1,162,9.5417e-05
1,162,7.4349e-05
1,162,7.4324e-05
1,163,7.5012e-05
1,163,7.5098e-05
1,163,7.5175e-05
1,163,7.5389e-05
1,163,7.5618e-05
1,164,7.7514e-05
1,164,7.5992e-05
1,164,7.6095e-05
1,164,7.6023e-05
1,164,7.5511e-05
1,165,7.628e-05
1,165,7.6861e-05
1,165,7.6313e-05
1,165,7.6322e-05
1,165,7.6975e-05
1,166,7.7239e-05
1,166,7.7134e-05
1,166,7.7724e-05
1,166,7.7154e-05
1,166,9.5508e-05
1,167,7.8352e-05
1,167,7.8525e-05
1,167,7.8483e-05
1,167,7.8567e-05
1,167,7.9003e-05
1,168,7.9484e-05
1,168,7.893e-05
1,168,7.9083e-05
1,168,7.8985e-05
1,168,8.0242e-05
1,169,8.0626e-05
1,169,7.9927e-05
1,169,7.9815e-05
1,169,7.9819e-05
1,169,7.9901e-05
1,170,8.0904e-05
1,170,8.1562e-05
1,170,8.094e-05
1,170,8.2217e-05
1,170,8.1003e-05
1,171,8.2685e-05
1,171,0.000120986
1,171,8.453e-05
1,171,8.4124e-05
1,171,8.6574e-05
1,172,8.733e-05
1,172,8.7105e-05
1,172,8.7051e-05
1,172,9.5499e-05
1,172,0.000129622
1,173,0.000134355
1,173,0.000138259
1,173,9.7789e-05
1,173,8.7595e-05
1,173,8.9612e-05
1,174,9.0387e-05
1,174,8.9997e-05
1,174,9.0076e-05
1,174,9.0237e-05
1,174,8.5897e-05
1,175,8.632e-05
1,175,8.6097e-05
1,175,8.6023e-05
1,175,8.6763e-05
1,175,8.6681e-05
1,176,9.0505e-05
1,176,8.9528e-05
1,176,8.9521e-05
1,176,8.9629e-05
1,176,8.9283e-05
1,177,8.851e-05
1,177,8.8463e-05
1,177,8.8378e-05
1,177,8.751e-05
1,177,8.774e-05
1,178,0.000121612
1,178,8.851e-05
1,178,8.8426e-05
1,178,8.8736e-05
1,178,8.8375e-05
1,179,8.9374e-05
1,179,8.9984e-05
1,179,8.9468e-05
1,179,8.9339e-05
1,179,8.93e-05
1,180,9.0316e-05
1,180,9.0216e-05
1,180,9.1018e-05
1,180,9.0304e-05
1,180,9.0223e-05
1,181,9.1356e-05
1,181,9.1623e-05
1,181,9.1896e-05
1,181,0.0001028
1,181,9.1409e-05
1,182,9.2356e-05
1,182,0.000119769
1,182,9.8753e-05
1,182,9.6056e-05
1,182,9.5238e-05
1,183,9.5804e-05
1,183,9.5728e-05
1,183,0.000120647
1,183,9.5768e-05
1,183,9.5628e-05
1,184,9.5916e-05
1,184,9.5549e-05
1,184,9.4948e-05
1,184,9.6122e-05
1,184,9.5254e-05
1,185,9.6182e-05
1,185,9.6148e-05
1,185,9.6031e-05
1,185,9.6567e-05
1,185,9.5781e-05
1,186,0.000125462
1,186,0.000139681
1,186,0.000102461
1,186,0.000101668
1,186,0.00010251
1,187,0.000102643
1,187,0.000100153
1,187,0.00010006
1,187,9.9969e-05
1,187,9.7537e-05
1,188,9.836e-05
1,188,9.8203e-05
1,188,0.000118763
1,188,9.8302e-05
1,188,0.000116903
1,189,0.000117031
1,189,9.972e-05
1,189,0.000124054
1,189,9.9283e-05
1,189,9.9182e-05
1,190,0.000100274
1,190,0.000100378
1,190,0.000108623
1,190,0.000100883
1,190,0.000100282
1,191,0.000101309
1,191,0.00010132
1,191,0.000101384
1,191,0.000101929
1,191,0.000102174
1,192,0.000102468
1,192,0.000102294
1,192,0.000120788
1,192,0.00010242
1,192,0.000112194
1,193,0.000103438
1,193,0.000106367
1,193,0.000106662
1,193,0.000106081
1,193,0.000107281
1,194,0.000105025
1,194,0.000104626
1,194,0.00010512
1,194,0.000104616
1,194,0.000104659
1,195,0.000105694
1,195,0.000105641
1,195,0.000105892
1,195,0.000105804
1,195,0.000105451
1,196,0.000106905
1,196,0.000107198
1,196,0.000107254
1,196,0.000108845
1,196,0.000142067
1,197,0.00010904
1,197,0.000109659
1,197,0.000108779
1,197,0.000108686
1,197,0.000109008
1,198,0.000109948
1,198,0.000110545
1,198,0.00010984
1,198,0.000109832
1,198,0.000110208
1,199,0.000114259
1,199,0.000122628
1,199,0.000116927
1,199,0.000116796
1,199,0.000116775
1,200,0.00011783
1,200,0.000112144
1,200,0.000137461
1,200,0.000146898
1,200,0.000111826
1,201,0.000122427
1,201,0.00011515
1,201,0.000115427
1,201,0.000116256
1,201,0.000112543
1,202,0.000117735
1,202,0.000116972
1,202,0.000117268
1,202,0.000123222
1,202,0.000114288
1,203,0.00011452
1,203,0.000114725
1,203,0.000114834
1,203,0.000114403
1,203,0.00011429
1,204,0.000115853
1,204,0.000116675
1,204,0.000118906
1,204,0.000118426
1,204,0.000118517
1,205,0.000120241
1,205,0.000116781
1,205,0.000117458
1,205,0.000116575
1,205,0.000120029
1,206,0.000117683
1,206,0.000117642
1,206,0.000117692
1,206,0.000117964
1,206,0.000117928
1,207,0.000118868
1,207,0.000118799
1,207,0.000127962
1,207,0.000119535
1,207,0.00011959
1,208,0.00011997
1,208,0.000123367
1,208,0.000123759
1,208,0.000123028
1,208,0.000120129
1,209,0.000121788
1,209,0.000121586
1,209,0.000120971
1,209,0.00012174
1,209,0.00012092
1,210,0.000123278
1,210,0.000122248
1,210,0.000122168
1,210,0.000178839
1,210,0.000129664
1,211,0.00013129
1,211,0.000130255
1,211,0.000129992
1,211,0.000127213
1,211,0.000126885
1,212,0.000124859
1,212,0.000124486
1,212,0.000125413
1,212,0.000124406
1,212,0.000124482
1,213,0.000125619
1,213,0.00012637
1,213,0.000130614
1,213,0.000126532
1,213,0.000125574
1,214,0.000127348
1,214,0.00012714
1,214,0.000127507
1,214,0.000135781
1,214,0.000130756
1,215,0.00013242
1,215,0.000131254
1,215,0.000128113
1,215,0.000128448
1,215,0.000127911
1,216,0.000129178
1,216,0.00013254
1,216,0.000129051
1,216,0.000129091
1,216,0.00012896
1,217,0.00013328
1,217,0.000130329
1,217,0.00014041
1,217,0.000201031
1,217,0.000134944
1,218,0.000135042
1,218,0.000134824
1,218,0.000131889
1,218,0.000142379
1,218,0.000131446
1,219,0.000132802
1,219,0.000132543
1,219,0.000133055
1,219,0.000132467
1,219,0.000132423
1,220,0.000134325
1,220,0.00013362
1,220,0.000133631
1,220,0.000161459
1,220,0.000134968
1,221,0.000138693
1,221,0.000150017
1,221,0.000149087
1,221,0.000142217
1,221,0.000138653
1,222,0.000139664
1,222,0.000136793
1,222,0.0001368
1,222,0.000136454
1,222,0.00013606
1,223,0.000138173
1,223,0.000137415
1,223,0.000137386
1,223,0.000137917
1,223,0.000138611
1,224,0.000138555
1,224,0.000155937
1,224,0.000139206
1,224,0.000149732
1,224,0.000139661
1,225,0.000160046
1,225,0.000145687
1,225,0.000140396
1,225,0.00013981
1,225,0.000140445
1,226,0.000141138
1,226,0.000140947
1,226,0.000164458
1,226,0.000142265
1,226,0.000145167
1,227,0.000145949
1,227,0.000146737
1,227,0.00014259
1,227,0.000143408
1,227,0.00014291
1,228,0.000143497
1,228,0.000144413
1,228,0.000144629
1,228,0.000143792
1,228,0.00014339
1,229,0.000144655
1,229,0.000144842
1,229,0.00014471
1,229,0.000156458
1,229,0.000144795
1,230,0.000146253
1,230,0.000146703
1,230,0.000145745
1,230,0.000146404
1,230,0.000154352
1,231,0.000151278
1,231,0.000166912
1,231,0.000155767
1,231,0.000147821
1,231,0.000148209
1,232,0.000152956
1,232,0.000161847
1,232,0.000153379
1,232,0.000152884
1,232,0.000159131
1,233,0.000159593
1,233,0.000159983
1,233,0.000154696
1,233,0.000153543
1,233,0.000150291
1,234,0.000151047
1,234,0.000150792
1,234,0.000150832
1,234,0.000151392
1,234,0.000152075
1,235,0.000153373
1,235,0.000156918
1,235,0.000156225
1,235,0.00015601
1,235,0.00015273
1,236,0.000154503
1,236,0.000153365
1,236,0.000153451
1,236,0.000190613
1,236,0.000153457
1,237,0.000158724
1,237,0.000154567
1,237,0.000154573
1,237,0.000209841
1,237,0.000159875
1,238,0.000161486
1,238,0.000156366
1,238,0.000161345
1,238,0.000165833
1,238,0.000164378
1,239,0.0001717
1,239,0.000161542
1,239,0.000157718
1,239,0.000157811
1,239,0.000162495
1,240,0.000189671
1,240,0.000167877
1,240,0.000167078
1,240,0.000178057
1,240,0.000159049
1,241,0.000161048
1,241,0.000159776
1,241,0.000160844
1,241,0.000160486
1,241,0.000159726
1,242,0.000161647
1,242,0.000160956
1,242,0.000161147
1,242,0.000170101
1,242,0.000179409
1,243,0.000162825
1,243,0.000162818
1,243,0.000162323
1,243,0.00016347
1,243,0.000163028
1,244,0.000163727
1,244,0.000164576
1,244,0.000164923
1,244,0.000164684
1,244,0.000163745
1,245,0.000165731
1,245,0.000166197
1,245,0.000165823
1,245,0.000165772
1,245,0.000165031
1,246,0.00016721
1,246,0.000166994
1,246,0.000166382
1,246,0.000166318
1,246,0.000166896
1,247,0.000167693
1,247,0.000168907
1,247,0.000196096
1,247,0.00016807
1,247,0.000168922
1,248,0.000258154
1,248,0.000179303
1,248,0.000178167
1,248,0.000184133
1,248,0.000183122
1,249,0.000170688
1,249,0.000171042
1,249,0.000170583
1,249,0.000191582
1,249,0.000170311
1,250,0.000178755
1,250,0.00017301
1,250,0.000172632
1,250,0.000171855
1,250,0.000172446
1,251,0.00017419
1,251,0.0001731
1,251,0.000173667
1,251,0.000173109
1,251,0.000174155
1,252,0.000175104
1,252,0.00017445
1,252,0.000175739
1,252,0.000174959
1,252,0.000175009
1,253,0.000176891
1,253,0.000176787
1,253,0.000175551
1,253,0.000179504
1,253,0.000175708
1,254,0.000177078
1,254,0.000177138
1,254,0.000176822
1,254,0.000203343
1,254,0.000178311
1,255,0.000180249
1,255,0.000179742
1,255,0.000180782
1,255,0.000181192
1,255,0.000180685
1,256,0.00021826
1,256,0.000190286
1,256,0.000190225
1,256,0.000179916
1,256,0.000179554
1,257,0.000182306
1,257,0.000186212
1,257,0.00019303
1,257,0.000181527
1,257,0.000181043
1,258,0.000183401
1,258,0.000182637
1,258,0.000183071
1,258,0.000182549
1,258,0.000183475
1,259,0.000183723
1,259,0.000184212
1,259,0.00018477
1,259,0.000184384
1,259,0.000183606
1,260,0.000206417
1,260,0.000186809
1,260,0.00018598
1,260,0.000185587
1,260,0.000186559
1,261,0.000201441
1,261,0.00018795
1,261,0.000197694
1,261,0.000198658
1,261,0.000198055
1,262,0.000189033
1,262,0.000209344
1,262,0.000187655
1,262,0.000188179
1,262,0.000196564
1,263,0.000189157
1,263,0.000233988
1,263,0.000199721
1,263,0.000200685
1,263,0.000194833
1,264,0.000196774
1,264,0.000214517
1,264,0.00019169
1,264,0.000190688
1,264,0.000191082
1,265,0.000191966
1,265,0.000211187
1,265,0.000192567
1,265,0.000191847
1,265,0.000193237
1,266,0.000194146
1,266,0.000193704
1,266,0.000193491
1,266,0.000194167
1,266,0.000199168
1,267,0.000199897
1,267,0.000195057
1,267,0.000195098
1,267,0.000194734
1,267,0.000196169
1,268,0.000201837
1,268,0.000201216
1,268,0.000196807
1,268,0.000196051
1,268,0.00019675
1,269,0.000197725
1,269,0.000198294
1,269,0.00019831
1,269,0.000197761
1,269,0.00020305
1,270,0.0002004
1,270,0.000225347
1,270,0.000210748
1,270,0.000209984
1,270,0.000200288
1,271,0.00020074
1,271,0.000201006
1,271,0.000201194
1,271,0.000207128
1,271,0.000206547
1,272,0.000203213
1,272,0.000202989
1,272,0.000202076
1,272,0.000201843
1,272,0.000202699
1,273,0.000204781
1,273,0.000205286
1,273,0.000204742
1,273,0.000205241
1,273,0.000205459
1,274,0.000207249
1,274,0.000207299
1,274,0.000206474
1,274,0.000211932
1,274,0.000206275
1,275,0.000207533
1,275,0.000208314
1,275,0.000208242
1,275,0.000208087
1,275,0.000207343
1,276,0.000210102
1,276,0.000209886
1,276,0.000269506
1,276,0.000219981
1,276,0.000220494
1,277,0.000221604
1,277,0.000221334
1,277,0.000253502
1,277,0.000210063
1,277,0.000210806
1,278,0.000217168
1,278,0.000217601
1,278,0.000217138
1,278,0.00021635
1,278,0.000211622
1,279,0.000212444
1,279,0.000212304
1,279,0.000213512
1,279,0.000212243
1,279,0.000218536
1,280,0.000220309
1,280,0.00021424
1,280,0.00021363
1,280,0.000214136
1,280,0.000264947
1,281,0.000227956
1,281,0.000221675
1,281,0.00021564
1,281,0.000242262
1,281,0.000221236
1,282,0.000222705
1,282,0.000217582
1,282,0.000218124
1,282,0.000216712
1,282,0.000217079
1,283,0.000218768
1,283,0.000218314
1,283,0.00021946
1,283,0.000218728
1,283,0.000223641
1,284,0.000220983
1,284,0.000246849
1,284,0.000226591
1,284,0.000225576
1,284,0.000220422
1,285,0.000239103
1,285,0.000221959
1,285,0.000234169
1,285,0.000227949
1,285,0.000227041
1,286,0.000223462
1,286,0.000222831
1,286,0.000223437
1,286,0.000223717
1,286,0.00022295
1,287,0.000226575
1,287,0.000244218
1,287,0.000231918
1,287,0.000250806
1,287,0.000225808
1,288,0.0002258
1,288,0.000227676
1,288,0.000226053
1,288,0.000226033
1,288,0.000227121
1,289,0.000228353
1,289,0.000227651
1,289,0.000228299
1,289,0.000227488
1,289,0.000276253
1,290,0.000230844
1,290,0.000229208
1,290,0.000229483
1,290,0.000229028
1,290,0.000235582
1,291,0.000240143
1,291,0.000231492
1,291,0.000231817
1,291,0.000231193
1,291,0.000230531
1,292,0.000233262
1,292,0.000238635
1,292,0.000260434
1,292,0.000232444
1,292,0.000293228
1,293,0.000247494
1,293,0.000241084
1,293,0.000234277
1,293,0.000234397
1,293,0.000233727
1,294,0.000236644
1,294,0.000245777
1,294,0.000250733
1,294,0.000236009
1,294,0.000256883
1,295,0.000236726
1,295,0.000237475
1,295,0.000237304
1,295,0.000236734
1,295,0.000237273
1,296,0.000238502
1,296,0.000239202
1,296,0.000238818
1,296,0.000238821
1,296,0.000238195
1,297,0.000240639
1,297,0.000266624
1,297,0.000240634
1,297,0.000277588
1,297,0.000241167
1,298,0.000241625
1,298,0.000242801
1,298,0.000339325
1,298,0.000249041
1,298,0.000248455
1,299,0.000244169
1,299,0.000326872
1,299,0.000250228
1,299,0.000254662
1,299,0.000243885
1,300,0.000244922
1,300,0.000245301
1,300,0.000245562
1,300,0.000245461
1,300,0.000244711
1,301,0.000247007
1,301,0.000246399
1,301,0.000264877
1,301,0.000246905
1,301,0.000247103
1,302,0.000249723
1,302,0.000267983
1,302,0.000256931
1,302,0.000340918
1,302,0.000256597
1,303,0.000251307
1,303,0.00025109
1,303,0.000251901
1,303,0.000251093
1,303,0.000338767
1,304,0.000258729
1,304,0.000258764
1,304,0.000282788
1,304,0.000258474
1,304,0.000273216
1,305,0.000253099
1,305,0.000253829
1,305,0.000252936
1,305,0.00027098
1,305,0.00034266
1,306,0.000412485
1,306,0.000270108
1,306,0.000269337
1,306,0.000279169
1,306,0.000255286
1,307,0.000278947
1,307,0.000263333
1,307,0.000294562
1,307,0.000262974
1,307,0.00026362
1,308,0.000265792
1,308,0.00025822
1,308,0.00025761
1,308,0.000258235
1,308,0.000257775
1,309,0.000275044
1,309,0.000274463
1,309,0.00026014
1,309,0.000259331
1,309,0.000260262
1,310,0.000294414
1,310,0.000260989
1,310,0.000279959
1,310,0.000261101
1,310,0.000271421
1,311,0.00026279
1,311,0.000263253
1,311,0.000262698
1,311,0.000263443
1,311,0.000263362
1,312,0.000271803
1,312,0.000264321
1,312,0.000265005
1,312,0.000272803
1,312,0.000265488
1,313,0.000294098
1,313,0.000266487
1,313,0.000266681
1,313,0.000267249
1,313,0.000267203
1,314,0.000278129
1,314,0.000284852
1,314,0.000277322
1,314,0.000270452
1,314,0.000292721
1,315,0.000271931
1,315,0.000271693
1,315,0.000271021
1,315,0.000271678
1,315,0.000270392
1,316,0.000273371
1,316,0.000272285
1,316,0.000271879
1,316,0.00028542
1,316,0.000278187
1,317,0.000273237
1,317,0.000274062
1,317,0.000273965
1,317,0.000272584
1,317,0.000272987
1,318,0.000280826
1,318,0.000277142
1,318,0.000306082
1,318,0.000274948
1,318,0.000463982
1,319,0.000301056
1,319,0.000297105
1,319,0.000317933
1,319,0.000276625
1,319,0.000294318
1,320,0.000279013
1,320,0.000295843
1,320,0.000277654
1,320,0.000278861
1,320,0.00028795
1,321,0.000280839
1,321,0.000280233
1,321,0.000279488
1,321,0.000280519
1,321,0.000280663
1,322,0.000281942
1,322,0.000281374
1,322,0.000282554
1,322,0.000282514
1,322,0.000286644
1,323,0.000283515
1,323,0.000283036
1,323,0.000283294
1,323,0.000293731
1,323,0.000309129
1,324,0.000293709
1,324,0.000286406
1,324,0.000286444
1,324,0.000285344
1,324,0.000303262
1,325,0.000287746
1,325,0.000288085
1,325,0.00028784
1,325,0.000287357
1,325,0.000304847
1,326,0.000293008
1,326,0.000289986
1,326,0.00028946
1,326,0.00028861
1,326,0.000290171
1,327,0.00029143
1,327,0.00029111
1,327,0.000290687
1,327,0.000291252
1,327,0.000325643
1,328,0.000292021
1,328,0.000293443
1,328,0.000293772
1,328,0.000308923
1,328,0.000301412
1,329,0.000295826
1,329,0.000294956
1,329,0.000383746
1,329,0.000295182
1,329,0.000294591
1,330,0.000311506
1,330,0.000296458
1,330,0.000297002
1,330,0.000296883
1,330,0.000296008
1,331,0.000315671
1,331,0.000324684
1,331,0.000298951
1,331,0.000297525
1,331,0.000298208
1,332,0.000300441
1,332,0.000299685
1,332,0.000318745
1,332,0.000323651
1,332,0.000347251
1,333,0.000310184
1,333,0.000309018
1,333,0.000301823
1,333,0.000302335
1,333,0.000301413
1,334,0.000303552
1,334,0.000309711
1,334,0.000304137
1,334,0.000303471
1,334,0.000303186
1,335,0.000304797
1,335,0.000305453
1,335,0.000305358
1,335,0.000305181
1,335,0.000305362
1,336,0.000307108
1,336,0.000341857
1,336,0.000306125
1,336,0.000306891
1,336,0.000312134
1,337,0.000308552
1,337,0.000343515
1,337,0.000333964
1,337,0.000326144
1,337,0.000320381
1,338,0.000310205
1,338,0.000311437
1,338,0.000311202
1,338,0.000310527
1,338,0.000310487
1,339,0.00033336
1,339,0.000312538
1,339,0.000312625
1,339,0.000311738
1,339,0.000312256
1,340,0.000316423
1,340,0.000324927
1,340,0.00032745
1,340,0.000324696
1,340,0.000324233
1,341,0.000317557
1,341,0.000317446
1,341,0.000317267
1,341,0.000437632
1,341,0.000333173
1,342,0.000326867
1,342,0.000317932
1,342,0.0003253
1,342,0.000317269
1,342,0.000317586
1,343,0.000322226
1,343,0.000319778
1,343,0.000372257
1,343,0.000328208
1,343,0.000335353
1,344,0.000326502
1,344,0.000356173
1,344,0.000323601
1,344,0.000323757
1,344,0.00032326
1,345,0.000334078
1,345,0.000325382
1,345,0.000324058
1,345,0.000323302
1,345,0.000482374
1,346,0.000349534
1,346,0.000325183
1,346,0.000325184
1,346,0.000362784
1,346,0.000332863
1,347,0.000327112
1,347,0.000329546
1,347,0.000326345
1,347,0.000352664
1,347,0.000342342
1,348,0.000355087
1,348,0.00034646
1,348,0.000359039
1,348,0.000328209
1,348,0.00032848
1,349,0.000342846
1,349,0.000331349
1,349,0.000330644
1,349,0.000359361
1,349,0.000339053
1,350,0.000350948
1,350,0.00033263
1,350,0.000331958
1,350,0.000341844
1,350,0.000332593
1,351,0.000334186
1,351,0.000334544
1,351,0.000345717
1,351,0.000333951
1,351,0.000335352
1,352,0.000336209
1,352,0.000336939
1,352,0.000336645
1,352,0.000355933
1,352,0.000355148
1,353,0.000356157
1,353,0.000338843
1,353,0.000338384
1,353,0.000338938
1,353,0.000338219
1,354,0.000359346
1,354,0.000371469
1,354,0.00033958
1,354,0.000340361
1,354,0.000340012
1,355,0.000350987
1,355,0.000342085
1,355,0.000342166
1,355,0.000341467
1,355,0.00034211
1,356,0.000343846
1,356,0.000371248
1,356,0.00035349
1,356,0.00034375
1,356,0.00034443
1,357,0.000345188
1,357,0.000346248
1,357,0.000354904
1,357,0.000345403
1,357,0.00039021
1,358,0.000367357
1,358,0.000359264
1,358,0.0003566
1,358,0.000357012
1,358,0.000347766
1,359,0.000358122
1,359,0.000391327
1,359,0.000349568
1,359,0.000439021
1,359,0.000359269
1,360,0.00035202
1,360,0.000352053
1,360,0.000356238
1,360,0.000364892
1,360,0.000400744
1,361,0.00036316
1,361,0.000362714
1,361,0.000353848
1,361,0.000353184
1,361,0.000373461
1,362,0.000390491
1,362,0.000376028
1,362,0.000355472
1,362,0.000355001
1,362,0.000355311
1,363,0.000357418
1,363,0.000367327
1,363,0.000357985
1,363,0.000357914
1,363,0.000358002
1,364,0.00035946
1,364,0.000383275
1,364,0.000370538
1,364,0.000360864
1,364,0.000361945
1,365,0.000362388
1,365,0.000362689
1,365,0.000491968
1,365,0.000388543
1,365,0.000386079
1,366,0.000362696
1,366,0.000373474
1,366,0.000380232
1,366,0.000397236
1,366,0.000363573
1,367,0.00036583
1,367,0.000365002
1,367,0.000365426
1,367,0.000365871
1,367,0.000400579
1,368,0.000373225
1,368,0.000368717
1,368,0.000369462
1,368,0.000377657
1,368,0.000428031
1,369,0.000369958
1,369,0.000390002
1,369,0.000389445
1,369,0.000380666
1,369,0.00037692
1,370,0.000384642
1,370,0.000371708
1,370,0.000372125
1,370,0.000371046
1,370,0.000456482
1,371,0.000390513
1,371,0.000373134
1,371,0.000373569
1,371,0.000373594
1,371,0.000428674
1,372,0.000395569
1,372,0.000375615
1,372,0.000375784
1,372,0.000390412
1,372,0.00039662
1,373,0.000397212
1,373,0.000387073
1,373,0.000385417
1,373,0.000378204
1,373,0.000377238
1,374,0.000409753
1,374,0.000388986
1,374,0.000417899
1,374,0.000378374
1,374,0.000379204
1,375,0.000381646
1,375,0.000380864
1,375,0.000381662
1,375,0.000381051
1,375,0.000380457
1,376,0.000383019
1,376,0.000417747
1,376,0.000403853
1,376,0.00038353
1,376,0.000383301
1,377,0.000397487
1,377,0.000450741
1,377,0.000384583
1,377,0.000385125
1,377,0.000385826
1,378,0.000387502
1,378,0.000386634
1,378,0.000387424
1,378,0.000388168
1,378,0.00038712
1,379,0.000424363
1,379,0.000389394
1,379,0.000457687
1,379,0.000476491
1,379,0.000410787
1,380,0.000391092
1,380,0.000390335
1,380,0.000402514
1,380,0.00040749
1,380,0.000399667
1,381,0.000409507
1,381,0.000392883
1,381,0.000393512
1,381,0.000393152
1,381,0.000393536
1,382,0.000405798
1,382,0.000428876
1,382,0.000414639
1,382,0.000395694
1,382,0.000395463
1,383,0.000408862
1,383,0.000419822
1,383,0.000432026
1,383,0.000398148
1,383,0.000397723
1,384,0.000399738
1,384,0.000399995
1,384,0.000424474
1,384,0.000410519
1,384,0.000399991
1,385,0.000401579
1,385,0.000402084
1,385,0.000463546
1,385,0.000401806
1,385,0.000412405
1,386,0.000404008
1,386,0.000403063
1,386,0.000403592
1,386,0.00040367
1,386,0.000435178
1,387,0.000407314
1,387,0.000406836
1,387,0.000467899
1,387,0.000405423
1,387,0.000405663
1,388,0.000456445
1,388,0.000407274
1,388,0.000435478
1,388,0.000418886
1,388,0.000419591
1,389,0.000447124
1,389,0.000701173
1,389,0.000453814
1,389,0.000410242
1,389,0.000409469
1,390,0.000412272
1,390,0.000412108
1,390,0.000411988
1,390,0.000441031
1,390,0.000411879
1,391,0.000419561
1,391,0.000415699
1,391,0.000416039
1,391,0.000424681
1,391,0.000432185
1,392,0.000422199
1,392,0.000438946
1,392,0.000427395
1,392,0.0004161
1,392,0.000415431
1,393,0.000418169
1,393,0.000417783
1,393,0.000439633
1,393,0.000480689
1,393,0.000429517
1,394,0.000420264
1,394,0.000419937
1,394,0.000420749
1,394,0.000419867
1,394,0.000420418
1,395,0.000422602
1,395,0.000484484
1,395,0.000446016
1,395,0.000438004
1,395,0.000422567
1,396,0.000452742
1,396,0.000437309
1,396,0.0004238
1,396,0.000448657
1,396,0.000424736
1,397,0.000426935
1,397,0.000426645
1,397,0.000426423
1,397,0.000434566
1,397,0.000426869
1,398,0.000432771
1,398,0.000428976
1,398,0.000497115
1,398,0.000457459
1,398,0.000429195
1,399,0.000449253
1,399,0.000431089
1,399,0.000430405
1,399,0.000430964
1,399,0.000430049
1,400,0.000445533
1,400,0.000433104
1,400,0.000432464
1,400,0.000451967
1,400,0.000432095
1,401,0.000446699
1,401,0.00043516
1,401,0.000434763
1,401,0.000459238
1,401,0.000485165
1,402,0.000436687
1,402,0.000436645
1,402,0.000437446
1,402,0.000472162
1,402,0.000437326
1,403,0.000510748
1,403,0.000438771
1,403,0.000438978
1,403,0.000443244
1,403,0.000439531
1,404,0.00046937
1,404,0.000441445
1,404,0.000440871
1,404,0.000479411
1,404,0.000471738
1,405,0.000443874
1,405,0.000443883
1,405,0.000455998
1,405,0.000461619
1,405,0.000455456
1,406,0.000468544
1,406,0.000472167
1,406,0.000475637
1,406,0.000445451
1,406,0.000446197
1,407,0.00048027
1,407,0.000447443
1,407,0.000580863
1,407,0.000504497
1,407,0.000474362
1,408,0.000452652
1,408,0.000453151
1,408,0.000452577
1,408,0.00047478
1,408,0.000452975
1,409,0.000454888
1,409,0.000454625
1,409,0.000452767
1,409,0.000452503
1,409,0.000463947
1,410,0.00045408
1,410,0.000454747
1,410,0.000454344
1,410,0.000683584
1,410,0.00047915
1,411,0.000468883
1,411,0.000456875
1,411,0.000456845
1,411,0.00047706
1,411,0.000472753
1,412,0.000469691
1,412,0.000461201
1,412,0.000460931
1,412,0.000459908
1,412,0.000471295
1,413,0.000461412
1,413,0.000460486
1,413,0.000478531
1,413,0.000497131
1,413,0.000461292
1,414,0.000485828
1,414,0.000462888
1,414,0.000463566
1,414,0.000463444
1,414,0.000463446
1,415,0.000465602
1,415,0.000464699
1,415,0.000465468
1,415,0.000486855
1,415,0.000534537
1,416,0.000495599
1,416,0.000467823
1,416,0.000507768
1,416,0.000539271
1,416,0.000466497
1,417,0.000469902
1,417,0.000469482
1,417,0.000469436
1,417,0.000483855
1,417,0.000469071
1,418,0.000472227
1,418,0.000483908
1,418,0.000471858
1,418,0.000506659
1,418,0.000472544
1,419,0.000481689
1,419,0.000500354
1,419,0.000474106
1,419,0.000474612
1,419,0.000474171
1,420,0.000475954
1,420,0.000491948
1,420,0.000479028
1,420,0.000491807
1,420,0.000491156
1,421,0.000480921
1,421,0.000481092
1,421,0.000489425
1,421,0.000479909
1,421,0.000478796
1,422,0.000510339
1,422,0.000508052
1,422,0.000480689
1,422,0.000490774
1,422,0.000481206
1,423,0.000517897
1,423,0.000500546
1,423,0.000482502
1,423,0.00050747
1,423,0.000502385
1,424,0.000498752
1,424,0.00048555
1,424,0.000485559
1,424,0.000514079
1,424,0.000512594
1,425,0.000487587
1,425,0.00048775
1,425,0.000541866
1,425,0.000514681
1,425,0.000487266
1,426,0.000489678
1,426,0.000504438
1,426,0.000497818
1,426,0.000518167
1,426,0.00049057
1,427,0.000492328
1,427,0.000492785
1,427,0.00065984
1,427,0.000525387
1,427,0.00049235
1,428,0.000494137
1,428,0.000507637
1,428,0.000494103
1,428,0.000594309
1,428,0.000507167
1,429,0.000496968
1,429,0.000496958
1,429,0.000496434
1,429,0.000525472
1,429,0.000496389
1,430,0.000500886
1,430,0.000528393
1,430,0.000500298
1,430,0.000500952
1,430,0.000500525
1,431,0.000502356
1,431,0.000501812
1,431,0.000501003
1,431,0.000509011
1,431,0.000522058
1,432,0.000541351
1,432,0.000518744
1,432,0.000504616
1,432,0.000504408
1,432,0.000596088
1,433,0.000505366
1,433,0.000505294
1,433,0.000611909
1,433,0.00051859
1,433,0.000505622
1,434,0.000561106
1,434,0.000521284
1,434,0.000536638
1,434,0.000507356
1,434,0.000527504
1,435,0.000542362
1,435,0.000543688
1,435,0.000630591
1,435,0.000523261
1,435,0.000523951
1,436,0.000526209
1,436,0.000512291
1,436,0.000512596
1,436,0.000511978
1,436,0.000536974
1,437,0.000514147
1,437,0.000513576
1,437,0.000514332
1,437,0.000527797
1,437,0.000514638
1,438,0.000745473
1,438,0.000550083
1,438,0.000536843
1,438,0.000516791
1,438,0.000517221
1,439,0.000536793
1,439,0.000519109
1,439,0.000518814
1,439,0.000584763
1,439,0.000591775
1,440,0.000541395
1,440,0.000524654
1,440,0.000523927
1,440,0.000546438
1,440,0.000545675
1,441,0.000529451
1,441,0.000524303
1,441,0.00053748
1,441,0.000524106
1,441,0.000523665
1,442,0.000552101
1,442,0.00052889
1,442,0.000533743
1,442,0.000526239
1,442,0.000525561
1,443,0.000542544
1,443,0.000566408
1,443,0.000530962
1,443,0.000530164
1,443,0.000565937
1,444,0.000533391
1,444,0.000532804
1,444,0.00058722
1,444,0.000707459
1,444,0.000559853
1,445,0.00053306
1,445,0.000549026
1,445,0.000547444
1,445,0.000782601
1,445,0.000547777
1,446,0.000550278
1,446,0.000536051
1,446,0.000535622
1,446,0.000535673
1,446,0.000554073
1,447,0.000662888
1,447,0.00055238
1,447,0.00055279
1,447,0.000553014
1,447,0.000547596
1,448,0.000540543
1,448,0.000577886
1,448,0.000561469
1,448,0.00054027
1,448,0.000549734
1,449,0.000557621
1,449,0.000543255
1,449,0.000556837
1,449,0.000557126
1,449,0.0005533
1,450,0.000567717
1,450,0.00054572
1,450,0.000560076
1,450,0.000560329
1,450,0.000545101
1,451,0.000547645
1,451,0.000562544
1,451,0.000551451
1,451,0.000570355
1,451,0.000628174
1,452,0.000559009
1,452,0.000553641
1,452,0.000553231
1,452,0.000567971
1,452,0.000552985
1,453,0.000668493
1,453,0.000553206
1,453,0.000561876
1,453,0.000570558
1,453,0.000553034
1,454,0.000556048
1,454,0.000578805
1,454,0.000556028
1,454,0.000555979
1,454,0.000570584
1,455,0.00055756
1,455,0.00055819
1,455,0.000690124
1,455,0.000588409
1,455,0.000638579
1,456,0.000575448
1,456,0.000571608
1,456,0.000569328
1,456,0.000570455
1,456,0.000560845
1,457,0.000584322
1,457,0.000573684
1,457,0.000562361
1,457,0.000576034
1,457,0.000591972
1,458,0.000565443
1,458,0.000571329
1,458,0.000580382
1,458,0.000565582
1,458,0.00056572
1,459,0.000570197
1,459,0.000589019
1,459,0.000601776
1,459,0.000569743
1,459,0.000613855
1,460,0.00058064
1,460,0.000614574
1,460,0.000632248
1,460,0.000570159
1,460,0.000570738
1,461,0.000573008
1,461,0.000592397
1,461,0.000594611
1,461,0.000572319
1,461,0.000572365
1,462,0.000575458
1,462,0.000574807
1,462,0.000816853
1,462,0.000590966
1,462,0.000575688
1,463,0.000577718
1,463,0.000588855
1,463,0.000577795
1,463,0.000588812
1,463,0.000577872
1,464,0.000580311
1,464,0.000580334
1,464,0.000579901
1,464,0.000614712
1,464,0.000619104
1,465,0.000582769
1,465,0.000582866
1,465,0.000598122
1,465,0.000620129
1,465,0.000581989
1,466,0.000584468
1,466,0.000604883
1,466,0.00060018
1,466,0.00060834
1,466,0.000585161
1,467,0.000851385
1,467,0.000619775
1,467,0.000703108
1,467,0.000587111
1,467,0.000614385
1,468,0.000593063
1,468,0.000592932
1,468,0.000611819
1,468,0.000621956
1,468,0.000605894
1,469,0.000603383
1,469,0.000614126
1,469,0.000613972
1,469,0.000592671
1,469,0.000612515
1,470,0.000595423
1,470,0.000630966
1,470,0.000595346
1,470,0.000594882
1,470,0.000627608
1,471,0.000646028
1,471,0.000616233
1,471,0.000599711
1,471,0.0006285
1,471,0.000599066
1,472,0.000600198
1,472,0.000616226
1,472,0.000638823
1,472,0.000615223
1,472,0.000616244
1,473,0.000643951
1,473,0.000602951
1,473,0.000611374
1,473,0.000602862
1,473,0.000602192
1,474,0.000610537
1,474,0.000674915
1,474,0.000605122
1,474,0.00060453
1,474,0.000611462
1,475,0.000607361
1,475,0.000624182
1,475,0.000687193
1,475,0.000629154
1,475,0.000607456
1,476,0.000609902
1,476,0.000626566
1,476,0.000646399
1,476,0.000609859
1,476,0.000626418
1,477,0.000628553
1,477,0.000633955
1,477,0.000646851
1,477,0.00061288
1,477,0.000651053
1,478,0.000618751
1,478,0.000643668
1,478,0.000615291
1,478,0.000791886
1,478,0.000615337
1,479,0.000645509
1,479,0.000617964
1,479,0.000617461
1,479,0.000657178
1,479,0.000617425
1,480,0.000641879
1,480,0.000619528
1,480,0.000620343
1,480,0.000636468
1,480,0.000620676
1,481,0.000623008
1,481,0.000622983
1,481,0.000677918
1,481,0.000772364
1,481,0.000639081
1,482,0.000642254
1,482,0.000661233
1,482,0.00104397
1,482,0.000639797
1,482,0.000626154
1,483,0.000628515
1,483,0.000657962
1,483,0.000628441
1,483,0.000644228
1,483,0.000632418
1,484,0.000647929
1,484,0.000630862
1,484,0.000630356
1,484,0.000656213
1,484,0.000630828
1,485,0.000632915
1,485,0.000672038
1,485,0.000633337
1,485,0.000632934
1,485,0.000633489
1,486,0.000673117
1,486,0.000638341
1,486,0.000638463
1,486,0.000638289
1,486,0.000654943
1,487,0.000638248
1,487,0.000652481
1,487,0.000638495
1,487,0.000637272
1,487,0.000659191
1,488,0.000675217
1,488,0.000640461
1,488,0.000658339
1,488,0.000651524
1,488,0.000640883
1,489,0.000667386
1,489,0.0006651
1,489,0.000643993
1,489,0.000684456
1,489,0.00066116
1,490,0.000681541
1,490,0.000646048
1,490,0.000646254
1,490,0.000646482
1,490,0.000646556
1,491,0.000648026
1,491,0.000736256
1,491,0.000737724
1,491,0.000665654
1,491,0.00064871
1,492,0.000770847
1,492,0.000687378
1,492,0.000651498
1,492,0.000650984
1,492,0.00068814
1,493,0.0006979
1,493,0.000653483
1,493,0.000654382
1,493,0.000657126
1,493,0.000653825
1,494,0.000674877
1,494,0.000708434
1,494,0.000656502
1,494,0.00065625
1,494,0.000679654
1,495,0.000658158
1,495,0.000658805
1,495,0.000658641
1,495,0.000658618
1,495,0.000658733
1,496,0.000662376
1,496,0.000697785
1,496,0.000682174
1,496,0.000661023
1,496,0.00066122
1,497,0.000715587
1,497,0.0006825
1,497,0.000682178
1,497,0.000664292
1,497,0.000664628
1,498,0.000667063
1,498,0.000703851
1,498,0.000666999
1,498,0.00070622
1,498,0.000673024
1,499,0.000669631
1,499,0.000696439
1,499,0.000669458
1,499,0.00067843
1,499,0.000686899
1,500,0.000690777
1,500,0.000718786
1,500,0.000672146
1,500,0.000672507
1,500,0.000672342
1,501,0.000674627
1,501,0.000688083
1,501,0.000702613
1,501,0.000692389
1,501,0.00067822
1,502,0.000712557
1,502,0.000726292
1,502,0.000677298
1,502,0.000677707
1,502,0.000697325
1,503,0.000870231
1,503,0.000722655
1,503,0.000680454
1,503,0.000680237
1,503,0.000679822
1,504,0.000966036
1,504,0.000707239
1,504,0.000772356
1,504,0.000735389
1,504,0.000683245
1,505,0.000686355
1,505,0.000685818
1,505,0.00068607
1,505,0.000689052
1,505,0.000686129
1,506,0.000756761
1,506,0.000709815
1,506,0.000688799
1,506,0.000688761
1,506,0.000689041
1,507,0.000694263
1,507,0.000691062
1,507,0.000712876
1,507,0.000691006
1,507,0.000700038
1,508,0.000736486
1,508,0.000737997
1,508,0.000731635
1,508,0.000694636
1,508,0.000739647
1,509,0.000696788
1,509,0.000696106
1,509,0.000760424
1,509,0.000705875
1,509,0.000752
1,510,0.000718521
1,510,0.000738704
1,510,0.000699366
1,510,0.000707097
1,510,0.000734034
1,511,0.00070217
1,511,0.00070211
1,511,0.000719589
1,511,0.000754205
1,511,0.000721684
1,512,0.000719074
1,512,0.000704403
1,512,0.000704387
1,512,0.000714966
1,512,0.000704399
1,513,0.00070866
1,513,0.000707881
1,513,0.000777892
1,513,0.000746662
1,513,0.000735301
1,514,0.000710343
1,514,0.000709922
1,514,0.000709974
1,514,0.00074347
1,514,0.000727943
1,515,0.000730166
1,515,0.000716854
1,515,0.000795488
1,515,0.000767836
1,515,0.000734538
1,516,0.000714886
1,516,0.000715635
1,516,0.000732943
1,516,0.000715264
1,516,0.000742765
1,517,0.000826566
1,517,0.000718591
1,517,0.000718436
1,517,0.00071836
1,517,0.00071802
1,518,0.000753578
1,518,0.000747448
1,518,0.000743013
1,518,0.000721021
1,518,0.000725424
1,519,0.00072489
1,519,0.000752828
1,519,0.000723536
1,519,0.000772755
1,519,0.000724583
1,520,0.000734647
1,520,0.000730584
1,520,0.00072994
1,520,0.000855965
1,520,0.000785127
1,521,0.000746276
1,521,0.000774358
1,521,0.000773638
1,521,0.000732818
1,521,0.000776585
1,522,0.000748007
1,522,0.000732138
1,522,0.000774356
1,522,0.000772856
1,522,0.000732691
1,523,0.000767667
1,523,0.000800493
1,523,0.000758136
1,523,0.000857029
1,523,0.000758614
1,524,0.000738976
1,524,0.000823945
1,524,0.000750988
1,524,0.000739006
1,524,0.000747061
1,525,0.000760459
1,525,0.000740978
1,525,0.000740961
1,525,0.000741097
1,525,0.000740935
1,526,0.00074405
1,526,0.000763734
1,526,0.000773867
1,526,0.000744154
1,526,0.000763874
1,527,0.000746571
1,527,0.000750556
1,527,0.000745953
1,527,0.000816424
1,527,0.000776863
1,528,0.000783939
1,528,0.000749266
1,528,0.000784416
1,528,0.000749478
1,528,0.000803953
1,529,0.000772587
1,529,0.000752477
1,529,0.000754618
1,529,0.000760583
1,529,0.000772692
1,530,0.000774577
1,530,0.000764017
1,530,0.00076614
1,530,0.00077451
1,530,0.000763685
1,531,0.000828275
1,531,0.000787208
1,531,0.000784206
1,531,0.000780384
1,531,0.000758607
1,532,0.000771883
1,532,0.000782337
1,532,0.000760885
1,532,0.000820698
1,532,0.000789573
1,533,0.000791928
1,533,0.000805762
1,533,0.000781308
1,533,0.000778278
1,533,0.000783014
1,534,0.000854593
1,534,0.000766766
1,534,0.000775328
1,534,0.000777389
1,534,0.000767002
1,535,0.000821928
1,535,0.000778174
1,535,0.000769523
1,535,0.000769265
1,535,0.000768842
1,536,0.000795772
1,536,0.000783079
1,536,0.000802225
1,536,0.000792624
1,536,0.000772984
1,537,0.000774874
1,537,0.000774669
1,537,0.000804241
1,537,0.000942747
1,537,0.000818427
1,538,0.000822284
1,538,0.000778374
1,538,0.000886133
1,538,0.000798911
1,538,0.00129394
1,539,0.00121226
1,539,0.000841866
1,539,0.000806482
1,539,0.000836174
1,539,0.000802774
1,540,0.000833226
1,540,0.000836159
1,540,0.000784416
1,540,0.000783522
1,540,0.000826215
1,541,0.000786788
1,541,0.000787259
1,541,0.000807487
1,541,0.00108356
1,541,0.000813716
1,542,0.000789647
1,542,0.000789149
1,542,0.000817282
1,542,0.000803429
1,542,0.00086052
1,543,0.000795699
1,543,0.000843903
1,543,0.000847135
1,543,0.00081484
1,543,0.000950526
1,544,0.000803389
1,544,0.000817423
1,544,0.00079491
1,544,0.000794308
1,544,0.000810184
1,545,0.000863643
1,545,0.000798522
1,545,0.000842305
1,545,0.000798316
1,545,0.000807125
1,546,0.000800748
1,546,0.00080082
1,546,0.000824474
1,546,0.00108715
1,546,0.000823705
1,547,0.000803882
1,547,0.00080444
1,547,0.000804325
1,547,0.000804437
1,547,0.000838104
1,548,0.000815122
1,548,0.000830206
1,548,0.000846575
1,548,0.000807142
1,548,0.000851374
1,549,0.000813745
1,549,0.000809526
1,549,0.000839906
1,549,0.000906426
1,549,0.000862719
1,550,0.000853585
1,550,0.000927524
1,550,0.0008124
1,550,0.000821395
1,550,0.000891923
1,551,0.000815285
1,551,0.000815558
1,551,0.000842412
1,551,0.000860141
1,551,0.000836964
1,552,0.000856423
1,552,0.00082215
1,552,0.000849497
1,552,0.000840531
1,552,0.000839701
1,553,0.000821682
1,553,0.00092654
1,553,0.000916803
1,553,0.000821579
1,553,0.000842169
1,554,0.000841804
1,554,0.000827429
1,554,0.000824329
1,554,0.000944456
1,554,0.000873812
1,555,0.000860241
1,555,0.000870628
1,555,0.000829148
1,555,0.000830831
1,555,0.000849024
1,556,0.000830716
1,556,0.000830386
1,556,0.000878977
1,556,0.000829774
1,556,0.000865815
1,557,0.000880416
1,557,0.000855495
1,557,0.000855269
1,557,0.000900495
1,557,0.00083269
1,558,0.00088497
1,558,0.000913462
1,558,0.000836371
1,558,0.000853745
1,558,0.000840306
1,559,0.000838961
1,559,0.000882396
1,559,0.000838866
1,559,0.000884665
1,559,0.00085706
1,560,0.000864849
1,560,0.000902417
1,560,0.000872676
1,560,0.000855282
1,560,0.00090337
1,561,0.000882545
1,561,0.00092726
1,561,0.00094874
1,561,0.000867627
1,561,0.00084529
1,562,0.000877334
1,562,0.000848553
1,562,0.000881941
1,562,0.000848457
1,562,0.000936433
1,563,0.000885883
1,563,0.000851295
1,563,0.000851692
1,563,0.000855294
1,563,0.000952694
1,564,0.000854754
1,564,0.0012936
1,564,0.000854828
1,564,0.000860672
1,564,0.000893786
1,565,0.000881447
1,565,0.000861595
1,565,0.00086109
1,565,0.00100204
1,565,0.000904587
1,566,0.00086039
1,566,0.000913826
1,566,0.000859573
1,566,0.000889509
1,566,0.000953338
1,567,0.000992855
1,567,0.000886526
1,567,0.000894791
1,567,0.000939347
1,567,0.000890706
1,568,0.00088876
1,568,0.000891307
1,568,0.000866699
1,568,0.000885272
1,568,0.000971267
1,569,0.000940584
1,569,0.000870183
1,569,0.000892876
1,569,0.000869892
1,569,0.000917167
1,570,0.000907195
1,570,0.000897825
1,570,0.00087222
1,570,0.000872492
1,570,0.000940307
1,571,0.000903304
1,571,0.000933508
1,571,0.000899215
1,571,0.0009047
1,571,0.000875408
1,572,0.000878381
1,572,0.000878492
1,572,0.000884443
1,572,0.000878628
1,572,0.000960861
1,573,0.000905397
1,573,0.000892511
1,573,0.000898857
1,573,0.000915388
1,573,0.00092872
1,574,0.000941484
1,574,0.00111364
1,574,0.00088518
1,574,0.000884759
1,574,0.000902723
1,575,0.000899513
1,575,0.000921239
1,575,0.000897287
1,575,0.000905232
1,575,0.000935601
1,576,0.000927748
1,576,0.000916223
1,576,0.000911591
1,576,0.000920272
1,576,0.00089011
1,577,0.000893541
1,577,0.00105727
1,577,0.000893374
1,577,0.000911129
1,577,0.000917471
1,578,0.000920354
1,578,0.000896994
1,578,0.000920561
1,578,0.000925068
1,578,0.000957949
1,579,0.000900946
1,579,0.00100227
1,579,0.000923765
1,579,0.000928856
1,579,0.000922558
1,580,0.000914233
1,580,0.000958031
1,580,0.000932578
1,580,0.000928751
1,580,0.000905262
1,581,0.00093168
1,581,0.000906425
1,581,0.00100173
1,581,0.00113574
1,581,0.000907106
1,582,0.000913165
1,582,0.000913234
1,582,0.000938189
1,582,0.000914843
1,582,0.000910459
1,583,0.000962296
1,583,0.000955546
1,583,0.00094601
1,583,0.000952668
1,583,0.00091273
1,584,0.00091617
1,584,0.000966413
1,584,0.000916082
1,584,0.00096661
1,584,0.000917189
1,585,0.000957853
1,585,0.000922995
1,585,0.000949921
1,585,0.000949907
1,585,0.00102366
1,586,0.000981904
1,586,0.00104502
1,586,0.000922181
1,586,0.000945791
1,586,0.000922451
1,587,0.000950011
1,587,0.000926013
1,587,0.000976341
1,587,0.00146941
1,587,0.000926279
1,588,0.000953418
1,588,0.000954061
1,588,0.000953024
1,588,0.000932802
1,588,0.0010165
1,589,0.000942676
1,589,0.00105587
1,589,0.000966839
1,589,0.000931593
1,589,0.000931838
1,590,0.000935267
1,590,0.000986917
1,590,0.000935078
1,590,0.000959888
1,590,0.000959775
1,591,0.000949754
1,591,0.000941166
1,591,0.000965716
1,591,0.000992431
1,591,0.000962599
1,592,0.000941311
1,592,0.00104031
1,592,0.000968721
1,592,0.000961788
1,592,0.000940812
1,593,0.000996844
1,593,0.000961949
1,593,0.000969224
1,593,0.000944311
1,593,0.00106597
1,594,0.000947724
1,594,0.000947976
1,594,0.0013848
1,594,0.00096491
1,594,0.000947761
1,595,0.000960368
1,595,0.0011441
1,595,0.00098738
1,595,0.00117989
1,595,0.00100382
1,596,0.000954258
1,596,0.000979955
1,596,0.000955164
1,596,0.000972605
1,596,0.000956177
1,597,0.000965497
1,597,0.00101948
1,597,0.000986409
1,597,0.000957328
1,597,0.000989488
1,598,0.000959501
1,598,0.000959829
1,598,0.000959699
1,598,0.00101395
1,598,0.00097816
1,599,0.000999226
1,599,0.000967554
1,599,0.000994132
1,599,0.000964781
1,599,0.000999847
1,600,0.00102936
1,600,0.000966078
1,600,0.00096583
1,600,0.000984794
1,600,0.00101616
1,601,0.00111587
1,601,0.000969211
1,601,0.00111808
1,601,0.000969027
1,601,0.00096899
1,602,0.00101576
1,602,0.000971699
1,602,0.00102401
1,602,0.00102131
1,602,0.000972438
1,603,0.000978289
1,603,0.00101861
1,603,0.000995224
1,603,0.000980897
1,603,0.00103574
1,604,0.00103446
1,604,0.00100193
1,604,0.000980531
1,604,0.000980865
1,604,0.00100037
1,605,0.000985866
1,605,0.00103582
1,605,0.000981669
1,605,0.000982029
1,605,0.00105921
1,606,0.00102797
1,606,0.00101225
1,606,0.00104705
1,606,0.000995795
1,606,0.00112482
1,607,0.000987729
1,607,0.00103578
1,607,0.000996224
1,607,0.000988076
1,607,0.00124964
1,608,0.00101479
1,608,0.00103991
1,608,0.00101542
1,608,0.000994629
1,608,0.00137507
1,609,0.000995912
1,609,0.00105024
1,609,0.000994766
1,609,0.00102372
1,609,0.000994542
1,610,0.00104694
1,610,0.000997954
1,610,0.00102647
1,610,0.00103552
1,610,0.00103467
1,611,0.00100432
1,611,0.0010279
1,611,0.00100726
1,611,0.00106734
1,611,0.00104362
1,612,0.00103378
1,612,0.00100466
1,612,0.0010328
1,612,0.00100456
1,612,0.0010042
1,613,0.00105868
1,613,0.00103965
1,613,0.00100768
1,613,0.00106949
1,613,0.001012
1,614,0.00101632
1,614,0.00101358
1,614,0.00105916
1,614,0.00112656
1,614,0.00104058
1,615,0.00101455
1,615,0.00105338
1,615,0.00101369
1,615,0.00124635
1,615,0.00107706
1,616,0.00104132
1,616,0.00104045
1,616,0.00105634
1,616,0.00101689
1,616,0.0010617
1,617,0.00102087
1,617,0.00105136
1,617,0.00102076
1,617,0.00106207
1,617,0.00108858
1,618,0.00106682
1,618,0.00108712
1,618,0.00114973
1,618,0.00102401
1,618,0.00102409
1,619,0.00102654
1,619,0.00102721
1,619,0.00113893
1,619,0.00104979
1,619,0.00110798
1,620,0.00103151
1,620,0.00103092
1,620,0.00105829
1,620,0.0010316
1,620,0.00103122
1,621,0.00116219
1,621,0.00108671
1,621,0.0010619
1,621,0.00109765
1,621,0.00103333
1,622,0.00103766
1,622,0.00104585
1,622,0.00107344
1,622,0.00106143
1,622,0.00103747
1,623,0.00104008
1,623,0.00106802
1,623,0.00104311
1,623,0.0010702
1,623,0.00115699
1,624,0.00108717
1,624,0.0010691
1,624,0.00104342
1,624,0.00108665
1,624,0.00104312
1,625,0.00112076
1,625,0.00104847
1,625,0.00106572
1,625,0.00104792
1,625,0.00104767
1,626,0.00107836
1,626,0.0011016
1,626,0.00105055
1,626,0.001116
1,626,0.00105022
1,627,0.0011055
1,627,0.00107799
1,627,0.00111183
1,627,0.00105385
1,627,0.00105423
1,628,0.001057
1,628,0.00107778
1,628,0.00120289
1,628,0.00133613
1,628,0.00113578
1,629,0.00106117
1,629,0.00108502
1,629,0.00106186
1,629,0.00108879
1,629,0.00106132
1,630,0.00112394
1,630,0.00108556
1,630,0.0010644
1,630,0.00106393
1,630,0.001086
1,631,0.00107526
1,631,0.00113982
1,631,0.00106871
1,631,0.00115934
1,631,0.00117683
1,632,0.00109219
1,632,0.00109252
1,632,0.00112919
1,632,0.00107055
1,632,0.00106919
1,633,0.00110826
1,633,0.00110819
1,633,0.00107401
1,633,0.00110288
1,633,0.00107918
1,634,0.00108306
1,634,0.00108804
1,634,0.00107763
1,634,0.00107724
1,634,0.00129988
1,635,0.00108087
1,635,0.00110496
1,635,0.00108101
1,635,0.00111871
1,635,0.00108016
1,636,0.00119029
1,636,0.00108547
1,636,0.00111343
1,636,0.00110102
1,636,0.00108365
1,637,0.00108722
1,637,0.00108769
1,637,0.00114892
1,637,0.0011054
1,637,0.00108808
1,638,0.00109734
1,638,0.00109095
1,638,0.00110819
1,638,0.001121
1,638,0.00109447
1,639,0.00111262
1,639,0.00109382
1,639,0.00109396
1,639,0.00112788
1,639,0.00112548
1,640,0.00109798
1,640,0.00109723
1,640,0.00113968
1,640,0.00109921
1,640,0.00110917
1,641,0.00115187
1,641,0.00110473
1,641,0.00116281
1,641,0.00110476
1,641,0.00133199
1,642,0.00112132
1,642,0.00113422
1,642,0.00113596
1,642,0.00113462
1,642,0.0011257
1,643,0.0011718
1,643,0.0011986
1,643,0.00113887
1,643,0.00110819
1,643,0.00110773
1,644,0.00116465
1,644,0.0011427
1,644,0.001112
1,644,0.00114968
1,644,0.00114075
1,645,0.00120407
1,645,0.00111494
1,645,0.00114327
1,645,0.00113255
1,645,0.00113781
1,646,0.00111835
1,646,0.00113672
1,646,0.00111831
1,646,0.00111945
1,646,0.00121919
1,647,0.00113839
1,647,0.00156321
1,647,0.00118738
1,647,0.00121914
1,647,0.0011222
1,648,0.00114386
1,648,0.00129874
1,648,0.00116003
1,648,0.00112455
1,648,0.0011962
1,649,0.0011292
1,649,0.00115862
1,649,0.00112828
1,649,0.00112792
1,649,0.00112832
1,650,0.00120537
1,650,0.00117453
1,650,0.00118318
1,650,0.00116114
1,650,0.00114095
1,651,0.00122784
1,651,0.00120051
1,651,0.00121637
1,651,0.00119114
1,651,0.00114472
1,652,0.00114244
1,652,0.0011737
1,652,0.00118391
1,652,0.00132
1,652,0.00114349
1,653,0.00117595
1,653,0.0011546
1,653,0.0012095
1,653,0.00118551
1,653,0.0011729
1,654,0.00114655
1,654,0.0012033
1,654,0.00119886
1,654,0.00149097
1,654,0.00115478
1,655,0.0012932
1,655,0.00115392
1,655,0.0011519
1,655,0.00119919
1,655,0.00121229
1,656,0.00117074
1,656,0.00115275
1,656,0.00115251
1,656,0.00117264
1,656,0.00115227
1,657,0.00115728
1,657,0.00115662
1,657,0.00119613
1,657,0.00120921
1,657,0.00115647
1,658,0.00152159
1,658,0.00120829
1,658,0.00120315
1,658,0.00118924
1,658,0.00117762
1,659,0.00116354
1,659,0.00133717
1,659,0.00116437
1,659,0.00126974
1,659,0.001199
1,660,0.00117893
1,660,0.00118853
1,660,0.00117732
1,660,0.001184
1,660,0.00116682
1,661,0.00119465
1,661,0.00118781
1,661,0.00116969
1,661,0.00117135
1,661,0.00124715
1,662,0.00120027
1,662,0.00120561
1,662,0.00120465
1,662,0.00123635
1,662,0.00118008
1,663,0.00119657
1,663,0.00120726
1,663,0.00122405
1,663,0.00117855
1,663,0.00120825
1,664,0.00119838
1,664,0.00122178
1,664,0.00118067
1,664,0.00118109
1,664,0.00156813
1,665,0.00180206
1,665,0.00127843
1,665,0.00118517
1,665,0.00122697
1,665,0.00132194
1,666,0.00119027
1,666,0.0012781
1,666,0.00118793
1,666,0.00120791
1,666,0.00122854
1,667,0.00142621
1,667,0.00119196
1,667,0.0011917
1,667,0.00122259
1,667,0.00119178
1,668,0.00121793
1,668,0.00127583
1,668,0.00119563
1,668,0.00121891
1,668,0.00120368
1,669,0.00119859
1,669,0.00127182
1,669,0.0011985
1,669,0.00119827
1,669,0.00119831
1,670,0.00120297
1,670,0.00128806
1,670,0.00121213
1,670,0.00120223
1,670,0.00120495
1,671,0.00120601
1,671,0.00126219
1,671,0.0012111
1,671,0.00120622
1,671,0.00124821
1,672,0.00120961
1,672,0.00129513
1,672,0.00124325
1,672,0.00124126
1,672,0.00120953
1,673,0.00126486
1,673,0.00125311
1,673,0.00133216
1,673,0.00123349
1,673,0.00121344
1,674,0.00125535
1,674,0.00124787
1,674,0.00121651
1,674,0.00130143
1,674,0.0012725
1,675,0.00121906
1,675,0.00125586
1,675,0.00124622
1,675,0.00128502
1,675,0.00129226
1,676,0.00125478
1,676,0.00144438
1,676,0.00122404
1,676,0.0012528
1,676,0.0012467
1,677,0.00126383
1,677,0.00124469
1,677,0.00122621
1,677,0.00125546
1,677,0.00129461
1,678,0.00125096
1,678,0.00123001
1,678,0.00123344
1,678,0.0012745
1,678,0.00133066
1,679,0.00124694
1,679,0.00123766
1,679,0.00129571
1,679,0.00123456
1,679,0.00128932
1,680,0.00123914
1,680,0.00127331
1,680,0.00123781
1,680,0.00125988
1,680,0.00123809
1,681,0.0013168
1,681,0.00126745
1,681,0.00126
1,681,0.00127492
1,681,0.00132846
1,682,0.00131494
1,682,0.00124546
1,682,0.00124533
1,682,0.00133652
1,682,0.0012823
1,683,0.00158333
1,683,0.00130584
1,683,0.00128395
1,683,0.00128392
1,683,0.00128404
1,684,0.00130466
1,684,0.00134972
1,684,0.00126319
1,684,0.00127383
1,684,0.00136358
1,685,0.00125606
1,685,0.00133
1,685,0.00125618
1,685,0.00131073
1,685,0.00132592
1,686,0.00126019
1,686,0.00149758
1,686,0.00129974
1,686,0.00129268
1,686,0.00131714
1,687,0.00128083
1,687,0.00129891
1,687,0.00159398
1,687,0.00126333
1,687,0.00128053
1,688,0.00128446
1,688,0.00126677
1,688,0.00126796
1,688,0.00126607
1,688,0.00130118
1,689,0.0013118
1,689,0.00130507
1,689,0.00131138
1,689,0.00140019
1,689,0.00128926
1,690,0.00127453
1,690,0.00130773
1,690,0.00135139
1,690,0.00130352
1,690,0.00127364
1,691,0.00129591
1,691,0.00128018
1,691,0.00134047
1,691,0.00127903
1,691,0.0012787
1,692,0.00129762
1,692,0.00132554
1,692,0.0017056
1,692,0.00134786
1,692,0.00130932
1,693,0.00131249
1,693,0.0013096
1,693,0.00131908
1,693,0.00131376
1,693,0.00130819
1,694,0.0013341
1,694,0.00129439
1,694,0.00132429
1,694,0.00129968
1,694,0.00128916
1,695,0.00134816
1,695,0.00135777
1,695,0.00130136
1,695,0.00129504
1,695,0.00129658
1,696,0.00135805
1,696,0.00132237
1,696,0.00132515
1,696,0.00134045
1,696,0.00129688
1,697,0.00133329
1,697,0.00131743
1,697,0.00129979
1,697,0.0013773
1,697,0.00146377
1,698,0.00136727
1,698,0.00130374
1,698,0.00145134
1,698,0.00136136
1,698,0.00137359
1,699,0.00137699
1,699,0.00138876
1,699,0.00130643
1,699,0.00137981
1,699,0.00135249
1,700,0.00131122
1,700,0.00134577
1,700,0.00138842
1,700,0.00165731
1,700,0.00138295
1,701,0.00135008
1,701,0.00137142
1,701,0.00135249
1,701,0.00138826
1,701,0.00131623
1,702,0.00134292
1,702,0.00139278
1,702,0.00137352
1,702,0.00131908
1,702,0.00141408
1,703,0.00139673
1,703,0.00137553
1,703,0.00139146
1,703,0.00132258
1,703,0.00136063
1,704,0.00141434
1,704,0.00138779
1,704,0.00138756
1,704,0.00154605
1,704,0.00136324
1,705,0.0013659
1,705,0.00145279
1,705,0.00139476
1,705,0.00133254
1,705,0.00141719
1,706,0.00137952
1,706,0.00133957
1,706,0.00138077
1,706,0.00136207
1,706,0.00136098
1,707,0.00139419
1,707,0.00162105
1,707,0.00136503
1,707,0.00137806
1,707,0.00140348
1,708,0.00136118
1,708,0.00153383
1,708,0.00134123
1,708,0.00143004
1,708,0.00136708
1,709,0.00139767
1,709,0.00142177
1,709,0.00138378
1,709,0.00139433
1,709,0.00139839
1,710,0.00138601
1,710,0.00142349
1,710,0.00138915
1,710,0.00134934
1,710,0.00140715
1,711,0.00143831
1,711,0.00139963
1,711,0.00139868
1,711,0.00140172
1,711,0.00138737
1,712,0.0015327
1,712,0.00138474
1,712,0.00143787
1,712,0.00143543
1,712,0.00189949
1,713,0.00136194
1,713,0.00139865
1,713,0.00136423
1,713,0.00136469
1,713,0.00136149
1,714,0.00143237
1,714,0.00151159
1,714,0.00140149
1,714,0.00136491
1,714,0.00140534
1,715,0.00145067
1,715,0.00136824
1,715,0.00136823
1,715,0.00141923
1,715,0.00137234
1,716,0.00145411
1,716,0.00137664
1,716,0.00148539
1,716,0.00137204
1,716,0.00137242
1,717,0.0014398
1,717,0.00142749
1,717,0.00139755
1,717,0.00142101
1,717,0.0014597
1,718,0.00144238
1,718,0.00142778
1,718,0.00162558
1,718,0.00140404
1,718,0.00160747
1,719,0.00142137
1,719,0.00140953
1,719,0.00140113
1,719,0.00143434
1,719,0.00149782
1,720,0.00146153
1,720,0.00141128
1,720,0.00138741
1,720,0.00138743
1,720,0.00139043
1,721,0.00149665
1,721,0.001584
1,721,0.0013922
1,721,0.00141916
1,721,0.00148265
1,722,0.00144503
1,722,0.00140499
1,722,0.00139515
1,722,0.00202309
1,722,0.00139679
1,723,0.00149533
1,723,0.00142027
1,723,0.00146283
1,723,0.00148306
1,723,0.00141709
1,724,0.00144419
1,724,0.00146217
1,724,0.00144104
1,724,0.00142415
1,724,0.00140687
1,725,0.00151517
1,725,0.00142409
1,725,0.00144964
1,725,0.00140678
1,725,0.00140619
1,726,0.00141085
1,726,0.00151041
1,726,0.00143004
1,726,0.00141474
1,726,0.00147168
1,727,0.00150859
1,727,0.00149847
1,727,0.00152503
1,727,0.00148311
1,727,0.00143366
1,728,0.00144172
1,728,0.00142287
1,728,0.0014936
1,728,0.00141791
1,728,0.00143805
1,729,0.00146554
1,729,0.00142275
1,729,0.00142164
1,729,0.00145985
1,729,0.00150395
1,730,0.00151714
1,730,0.00143017
1,730,0.00146739
1,730,0.00144463
1,730,0.00143398
1,731,0.00147946
1,731,0.001502
1,731,0.00143825
1,731,0.00143359
1,731,0.00161039
1,732,0.00146107
1,732,0.00151054
1,732,0.00146195
1,732,0.00145497
1,732,0.00154069
1,733,0.00148347
1,733,0.00150092
1,733,0.0015082
1,733,0.00150055
1,733,0.00144528
1,734,0.00149197
1,734,0.00152167
1,734,0.0014608
1,734,0.00168518
1,734,0.00147057
1,735,0.00145005
1,735,0.00144968
1,735,0.00152202
1,735,0.00147525
1,735,0.00154806
1,736,0.00148803
1,736,0.00160507
1,736,0.00154316
1,736,0.00145004
1,736,0.00148772
1,737,0.00154343
1,737,0.00164471
1,737,0.00146411
1,737,0.00149944
1,737,0.00145434
1,738,0.0014567
1,738,0.00179848
1,738,0.00152478
1,738,0.00147621
1,738,0.0015453
1,739,0.00151688
1,739,0.00154958
1,739,0.00154692
1,739,0.00149857
1,739,0.00148774
1,740,0.00158319
1,740,0.00152722
1,740,0.00148292
1,740,0.00146543
1,740,0.00146445
1,741,0.00147057
1,741,0.00154682
1,741,0.00156153
1,741,0.00147823
1,741,0.00156565
1,742,0.00154812
1,742,0.00149696
1,742,0.00147773
1,742,0.00147764
1,742,0.00151417
1,743,0.00162156
1,743,0.00147702
1,743,0.00147787
1,743,0.00155898
1,743,0.00147684
1,744,0.00155398
1,744,0.00150165
1,744,0.00154063
1,744,0.00150638
1,744,0.0015038
1,745,0.00150628
1,745,0.00152794
1,745,0.00156725
1,745,0.00148371
1,745,0.00151901
1,746,0.00156764
1,746,0.00153926
1,746,0.00151778
1,746,0.00153484
1,746,0.00160039
1,747,0.00151823
1,747,0.00156059
1,747,0.0015074
1,747,0.00158174
1,747,0.0014943
1,748,0.0017464
1,748,0.00149788
1,748,0.00161038
1,748,0.00151839
1,748,0.00149985
1,749,0.00154163
1,749,0.00156412
1,749,0.00158522
1,749,0.00150038
1,749,0.00172415
1,750,0.00158626
1,750,0.00160902
1,750,0.00150747
1,750,0.00182734
1,750,0.00155333
1,751,0.00156753
1,751,0.00165339
1,751,0.00155819
1,751,0.00159454
1,751,0.00159231
1,752,0.00155926
1,752,0.00153317
1,752,0.00155987
1,752,0.0015815
1,752,0.00152231
1,753,0.0016026
1,753,0.00155791
1,753,0.00156932
1,753,0.00151641
1,753,0.00182029
1,754,0.00153576
1,754,0.00163321
1,754,0.00159578
1,754,0.00154594
1,754,0.00154425
1,755,0.00173024
1,755,0.00155105
1,755,0.00153094
1,755,0.00163706
1,755,0.00152543
1,756,0.00152942
1,756,0.00153598
1,756,0.00162621
1,756,0.00153888
1,756,0.00159895
1,757,0.00157754
1,757,0.00156935
1,757,0.00157852
1,757,0.0016358
1,757,0.00155411
1,758,0.0015724
1,758,0.00157968
1,758,0.00153802
1,758,0.00153838
1,758,0.00171157
1,759,0.0016329
1,759,0.00154396
1,759,0.00154156
1,759,0.00160609
1,759,0.0016081
1,760,0.00154773
1,760,0.00164715
1,760,0.00154915
1,760,0.00162253
1,760,0.0015919
1,761,0.00162631
1,761,0.00154915
1,761,0.00154996
1,761,0.00162759
1,761,0.00156843
1,762,0.00161338
1,762,0.00155345
1,762,0.00181649
1,762,0.00160944
1,762,0.00155558
1,763,0.00156269
1,763,0.001617
1,763,0.00158277
1,763,0.00155817
1,763,0.0020055
1,764,0.00156869
1,764,0.00159094
1,764,0.00166466
1,764,0.00160818
1,764,0.00163887
1,765,0.0016644
1,765,0.00161007
1,765,0.00159186
1,765,0.00160927
1,765,0.00165327
1,766,0.00156942
1,766,0.00159102
1,766,0.0016333
1,766,0.00166818
1,766,0.00157398
1,767,0.00162029
1,767,0.00163291
1,767,0.00162412
1,767,0.00162267
1,767,0.00159969
1,768,0.00163091
1,768,0.00158912
1,768,0.00166499
1,768,0.00164609
1,768,0.0015776
1,769,0.00160527
1,769,0.001611
1,769,0.00159415
1,769,0.00163715
1,769,0.00160328
1,770,0.00165165
1,770,0.00163189
1,770,0.00167021
1,770,0.00168123
1,770,0.00166889
1,771,0.00161912
1,771,0.00163274
1,771,0.00166806
1,771,0.00207008
1,771,0.00159625
1,772,0.00159866
1,772,0.0016669
1,772,0.00168153
1,772,0.00164374
1,772,0.00166588
1,773,0.00161832
1,773,0.00167797
1,773,0.0016354
1,773,0.0016019
1,773,0.00165829
1,774,0.00166839
1,774,0.00164611
1,774,0.00177298
1,774,0.00167254
1,774,0.00168805
1,775,0.00169852
1,775,0.00162881
1,775,0.00163225
1,775,0.00216023
1,775,0.00170823
1,776,0.00168592
1,776,0.00162874
1,776,0.00172465
1,776,0.00166658
1,776,0.00163838
1,777,0.0016186
1,777,0.00184023
1,777,0.0016257
1,777,0.00168047
1,777,0.00163145
1,778,0.00188983
1,778,0.00161974
1,778,0.00162681
1,778,0.00169892
1,778,0.00164474
1,779,0.00163839
1,779,0.0016871
1,779,0.0016218
1,779,0.0016231
1,779,0.0017193
1,780,0.0016325
1,780,0.00162957
1,780,0.0016878
1,780,0.00167117
1,780,0.00175155
1,781,0.00168587
1,781,0.00162943
1,781,0.00165785
1,781,0.00166808
1,781,0.00166747
1,782,0.00167324
1,782,0.00167357
1,782,0.00166707
1,782,0.00165441
1,782,0.00170727
1,783,0.00170717
1,783,0.00164085
1,783,0.00168199
1,783,0.00163952
1,783,0.00171869
1,784,0.00176223
1,784,0.00166932
1,784,0.00165012
1,784,0.0016526
1,784,0.00165331
1,785,0.00170354
1,785,0.00180315
1,785,0.00171767
1,785,0.00170844
1,785,0.00164798
1,786,0.00174661
1,786,0.00177122
1,786,0.00176594
1,786,0.00165292
1,786,0.0016526
1,787,0.00166634
1,787,0.00171961
1,787,0.00168297
1,787,0.00184804
1,787,0.00165665
1,788,0.00169361
1,788,0.00171246
1,788,0.00166042
1,788,0.00166223
1,788,0.00197444
1,789,0.00172323
1,789,0.00181285
1,789,0.00171146
1,789,0.00169266
1,789,0.00185553
1,790,0.00176658
1,790,0.00167148
1,790,0.00169355
1,790,0.001719
1,790,0.00174901
1,791,0.00167773
1,791,0.00174778
1,791,0.00169297
1,791,0.00170667
1,791,0.00176929
1,792,0.0016826
1,792,0.00172956
1,792,0.00174367
1,792,0.00167709
1,792,0.00177276
1,793,0.00184777
1,793,0.0017668
1,793,0.00179081
1,793,0.00168618
1,793,0.0017522
1,794,0.00176248
1,794,0.00177193
1,794,0.0017076
1,794,0.00173061
1,794,0.00174317
1,795,0.00169031
1,795,0.00175089
1,795,0.00169052
1,795,0.00171911
1,795,0.00172067
1,796,0.00172776
1,796,0.00169579
1,796,0.00173531
1,796,0.00176695
1,796,0.00215634
1,797,0.00174825
1,797,0.00175743
1,797,0.00170257
1,797,0.00179906
1,797,0.00177817
1,798,0.00176657
1,798,0.00176194
1,798,0.00176452
1,798,0.00170318
1,798,0.00174065
1,799,0.00170757
1,799,0.00174672
1,799,0.00175809
1,799,0.0018463
1,799,0.00178145
1,800,0.00171789
1,800,0.00172004
1,800,0.00182559
1,800,0.00208924
1,800,0.00190182
1,801,0.00180409
1,801,0.0018975
1,801,0.002012
1,801,0.00194086
1,801,0.00189554
1,802,0.00193108
1,802,0.00245773
1,802,0.00176243
1,802,0.00171843
1,802,0.00182312
1,803,0.00172547
1,803,0.00172503
1,803,0.00180482
1,803,0.00177029
1,803,0.00177616
1,804,0.00181017
1,804,0.00173414
1,804,0.00177297
1,804,0.0018646
1,804,0.00179049
1,805,0.00173128
1,805,0.00184223
1,805,0.00175608
1,805,0.00173275
1,805,0.00200993
1,806,0.00176425
1,806,0.00184971
1,806,0.0018029
1,806,0.00183958
1,806,0.00180795
1,807,0.00174655
1,807,0.00175859
1,807,0.00182561
1,807,0.00174535
1,807,0.00179757
1,808,0.00176546
1,808,0.00182288
1,808,0.00177153
1,808,0.00175202
1,808,0.0017456
1,809,0.00178141
1,809,0.00187158
1,809,0.00186278
1,809,0.00200148
1,809,0.00184455
1,810,0.0017782
1,810,0.00178653
1,810,0.00183227
1,810,0.001753
1,810,0.00179241
1,811,0.0017608
1,811,0.00181793
1,811,0.00184451
1,811,0.00175749
1,811,0.0017877
1,812,0.00176855
1,812,0.00187941
1,812,0.00176686
1,812,0.00192793
1,812,0.00181485
1,813,0.00184135
1,813,0.00187327
1,813,0.00189346
1,813,0.00177233
1,813,0.00176658
1,814,0.00183437
1,814,0.00177353
1,814,0.00177191
1,814,0.00178317
1,814,0.00179195
1,815,0.0018532
1,815,0.00183206
1,815,0.00177613
1,815,0.00183156
1,815,0.0017819
1,816,0.00178487
1,816,0.00195879
1,816,0.00177962
1,816,0.00182981
1,816,0.00180466
1,817,0.00180898
1,817,0.00182292
1,817,0.001816
1,817,0.00182382
1,817,0.00180643
1,818,0.00179505
1,818,0.00181821
1,818,0.001845
1,818,0.00191214
1,818,0.00183231
1,819,0.00186899
1,819,0.00190154
1,819,0.00186217
1,819,0.00179897
1,819,0.00179874
1,820,0.0018054
1,820,0.00181994
1,820,0.00185005
1,820,0.00188873
1,820,0.0017988
1,821,0.0018633
1,821,0.00181045
1,821,0.00193121
1,821,0.00185152
1,821,0.00184123
1,822,0.0018129
1,822,0.00180876
1,822,0.00185272
1,822,0.00191588
1,822,0.00181067
1,823,0.00181146
1,823,0.00181099
1,823,0.0018369
1,823,0.0019217
1,823,0.00189562
1,824,0.00181581
1,824,0.00186127
1,824,0.0019095
1,824,0.00186625
1,824,0.00193664
1,825,0.00219833
1,825,0.0018194
1,825,0.00185258
1,825,0.00184771
1,825,0.00191933
1,826,0.00182429
1,826,0.00182479
1,826,0.00189083
1,826,0.0019329
1,826,0.00187194
1,827,0.00192001
1,827,0.00226277
1,827,0.00193876
1,827,0.00186017
1,827,0.00183411
1,828,0.00183436
1,828,0.00188254
1,828,0.00201512
1,828,0.00185708
1,828,0.00184056
1,829,0.00190367
1,829,0.00189125
1,829,0.00195896
1,829,0.00185969
1,829,0.00184278
1,830,0.0020382
1,830,0.00190605
1,830,0.00184903
1,830,0.00187524
1,830,0.00195311
1,831,0.00190096
1,831,0.00186249
1,831,0.00192582
1,831,0.0019047
1,831,0.00190499
1,832,0.00196085
1,832,0.00234877
1,832,0.0018548
1,832,0.00189248
1,832,0.00184919
1,833,0.00185618
1,833,0.00188063
1,833,0.00187286
1,833,0.00187641
1,833,0.0018608
1,834,0.0019333
1,834,0.00191706
1,834,0.00264107
1,834,0.00193384
1,834,0.00201888
1,835,0.00191855
1,835,0.00200357
1,835,0.00186522
1,835,0.00186394
1,835,0.0019792
1,836,0.00192052
1,836,0.00187587
1,836,0.00189834
1,836,0.0019609
1,836,0.00191355
1,837,0.00198358
1,837,0.00187514
1,837,0.00194498
1,837,0.00195427
1,837,0.00190049
1,838,0.0020363
1,838,0.00201548
1,838,0.0019435
1,838,0.00190314
1,838,0.00190065
1,839,0.00188422
1,839,0.00195882
1,839,0.00190475
1,839,0.00192394
1,839,0.00199797
1,840,0.00188819
1,840,0.00206697
1,840,0.00193699
1,840,0.00189101
1,840,0.00193634
1,841,0.00202207
1,841,0.00189485
1,841,0.00201632
1,841,0.00191017
1,841,0.00203571
1,842,0.00206978
1,842,0.00200925
1,842,0.00198984
1,842,0.00203639
1,842,0.00194845
1,843,0.00196075
1,843,0.00201003
1,843,0.00197746
1,843,0.00198639
1,843,0.00235012
1,844,0.00203634
1,844,0.00190791
1,844,0.00190654
1,844,0.00197218
1,844,0.00195128
1,845,0.00194846
1,845,0.00240803
1,845,0.00197408
1,845,0.00201036
1,845,0.00192868
1,846,0.00203839
1,846,0.00196625
1,846,0.00323739
1,846,0.00194488
1,846,0.00193757
1,847,0.00193744
1,847,0.00213676
1,847,0.00192094
1,847,0.00197104
1,847,0.00204158
1,848,0.00194435
1,848,0.0019224
1,848,0.00192425
1,848,0.00203042
1,848,0.00207322
1,849,0.00203176
1,849,0.00193023
1,849,0.00202624
1,849,0.00192888
1,849,0.00204821
1,850,0.0020697
1,850,0.00202768
1,850,0.00203912
1,850,0.00193164
1,850,0.00201895
1,851,0.00200872
1,851,0.00194385
1,851,0.00201108
1,851,0.00206139
1,851,0.00206844
1,852,0.00247488
1,852,0.00194234
1,852,0.00194552
1,852,0.00199552
1,852,0.00194481
1,853,0.00197479
1,853,0.00194593
1,853,0.00197069
1,853,0.001969
1,853,0.00197472
1,854,0.00200542
1,854,0.00198709
1,854,0.00197657
1,854,0.00235373
1,854,0.00213453
1,855,0.0021192
1,855,0.00197928
1,855,0.0019865
1,855,0.00201358
1,855,0.00207331
1,856,0.00202491
1,856,0.00202904
1,856,0.00195815
1,856,0.00257685
1,856,0.00200209
1,857,0.00198056
1,857,0.00203201
1,857,0.00200787
1,857,0.00202288
1,857,0.00202053
1,858,0.00203254
1,858,0.00212377
1,858,0.00200408
1,858,0.00230346
1,858,0.00203914
1,859,0.0020359
1,859,0.00224432
1,859,0.00200436
1,859,0.00205331
1,859,0.00203163
1,860,0.00209136
1,860,0.00203259
1,860,0.00201987
1,860,0.00203824
1,860,0.00206339
1,861,0.00205186
1,861,0.00204035
1,861,0.00203808
1,861,0.00207247
1,861,0.00204685
1,862,0.00210004
1,862,0.00201326
1,862,0.00206076
1,862,0.00237839
1,862,0.00206981
1,863,0.00205644
1,863,0.00209474
1,863,0.00204555
1,863,0.00209776
1,863,0.00209568
1,864,0.00208531
1,864,0.00206185
1,864,0.00209562
1,864,0.0021812
1,864,0.00215405
1,865,0.00215923
1,865,0.00210343
1,865,0.00213521
1,865,0.00211436
1,865,0.00208952
1,866,0.00213804
1,866,0.0021007
1,866,0.00206975
1,866,0.00214195
1,866,0.00209245
1,867,0.00207048
1,867,0.002355
1,867,0.00210715
1,867,0.00208774
1,867,0.00209681
1,868,0.002084
1,868,0.00207386
1,868,0.00210872
1,868,0.00204343
1,868,0.00204764
1,869,0.00212101
1,869,0.00214797
1,869,0.00208128
1,869,0.00214664
1,869,0.00263011
1,870,0.00202988
1,870,0.00206865
1,870,0.00207744
1,870,0.00203763
1,870,0.00203295
1,871,0.00203616
1,871,0.00215626
1,871,0.00209935
1,871,0.00206462
1,871,0.0021508
1,872,0.00208073
1,872,0.00208843
1,872,0.00242242
1,872,0.00210216
1,872,0.0020629
1,873,0.00215586
1,873,0.00214644
1,873,0.00206573
1,873,0.00210059
1,873,0.00203896
1,874,0.00204615
1,874,0.00208055
1,874,0.00206515
1,874,0.00204273
1,874,0.00214632
1,875,0.00214679
1,875,0.0021062
1,875,0.00253102
1,875,0.00216056
1,875,0.00212612
1,876,0.00210374
1,876,0.0020809
1,876,0.00222792
1,876,0.00211605
1,876,0.00213135
1,877,0.00212285
1,877,0.00212894
1,877,0.00209038
1,877,0.00212698
1,877,0.0022216
1,878,0.00217657
1,878,0.00208153
1,878,0.00223967
1,878,0.00255671
1,878,0.00212562
1,879,0.00211493
1,879,0.00229061
1,879,0.00210049
1,879,0.00208094
1,879,0.00210586
1,880,0.00208142
1,880,0.0021045
1,880,0.0020751
1,880,0.00218475
1,880,0.00219717
1,881,0.00219485
1,881,0.00217516
1,881,0.00218608
1,881,0.0021338
1,881,0.00216623
1,882,0.00217323
1,882,0.00214775
1,882,0.00249248
1,882,0.00213961
1,882,0.00210593
1,883,0.00220352
1,883,0.00210506
1,883,0.00213362
1,883,0.00209602
1,883,0.00211065
1,884,0.00212694
1,884,0.00211393
1,884,0.00209932
1,884,0.00218172
1,884,0.00223608
1,885,0.00215245
1,885,0.00212016
1,885,0.00222246
1,885,0.00220238
1,885,0.00220448
1,886,0.00215596
1,886,0.00220529
1,886,0.00209871
1,886,0.00225673
1,886,0.00262267
1,887,0.00216541
1,887,0.00219527
1,887,0.0021952
1,887,0.00211184
1,887,0.00224947
1,888,0.00223459
1,888,0.00212056
1,888,0.00211157
1,888,0.00269728
1,888,0.00216509
1,889,0.0022239
1,889,0.00251696
1,889,0.00216787
1,889,0.0021458
1,889,0.00218069
1,890,0.00221758
1,890,0.00212934
1,890,0.00212477
1,890,0.00218404
1,890,0.00214843
1,891,0.00219111
1,891,0.0021731
1,891,0.00214771
1,891,0.00226805
1,891,0.00237101
1,892,0.00227095
1,892,0.00217183
1,892,0.00223901
1,892,0.00221543
1,892,0.00219132
1,893,0.00218043
1,893,0.00215849
1,893,0.00231947
1,893,0.00222144
1,893,0.00213336
1,894,0.00219595
1,894,0.00220187
1,894,0.00225784
1,894,0.00226185
1,894,0.00226207
1,895,0.00214531
1,895,0.00220565
1,895,0.00225625
1,895,0.00222146
1,895,0.00214597
1,896,0.00229011
1,896,0.0021642
1,896,0.0021718
1,896,0.00226602
1,896,0.00215553
1,897,0.00221264
1,897,0.00254616
1,897,0.00224946
1,897,0.00216108
1,897,0.00218999
1,898,0.00218488
1,898,0.00217309
1,898,0.00228688
1,898,0.00219751
1,898,0.00219405
1,899,0.00219071
1,899,0.00222286
1,899,0.0021749
1,899,0.00218024
1,899,0.00226718
1,900,0.00222555
1,900,0.00231096
1,900,0.00223114
1,900,0.00230129
1,900,0.00216939
1,901,0.00220763
1,901,0.00220343
1,901,0.00236966
1,901,0.00217939
1,901,0.00221662
1,902,0.00224721
1,902,0.00231925
1,902,0.00223524
1,902,0.00224888
1,902,0.00227093
1,903,0.00229624
1,903,0.00220634
1,903,0.00222618
1,903,0.0022152
1,903,0.00218936
1,904,0.00228099
1,904,0.00228704
1,904,0.00226437
1,904,0.00245531
1,904,0.00230522
1,905,0.0021927
1,905,0.00222539
1,905,0.00222641
1,905,0.00226271
1,905,0.00224523
1,906,0.00219429
1,906,0.00228004
1,906,0.00224547
1,906,0.00229324
1,906,0.00226334
1,907,0.00232672
1,907,0.00223092
1,907,0.00220472
1,907,0.00222303
1,907,0.0023069
1,908,0.00221429
1,908,0.00233715
1,908,0.00230552
1,908,0.00224838
1,908,0.00224265
1,909,0.00223914
1,909,0.00223825
1,909,0.00229112
1,909,0.00225863
1,909,0.0022226
1,910,0.0022702
1,910,0.00231545
1,910,0.00222593
1,910,0.00226853
1,910,0.00227871
1,911,0.00228961
1,911,0.00238174
1,911,0.00225771
1,911,0.00229752
1,911,0.00234129
1,912,0.00231125
1,912,0.00223375
1,912,0.0023057
1,912,0.00231265
1,912,0.00228853
1,913,0.00226787
1,913,0.00233967
1,913,0.00229342
1,913,0.00232754
1,913,0.00233207
1,914,0.00226364
1,914,0.00227841
1,914,0.00224175
1,914,0.00232898
1,914,0.00229173
1,915,0.00230649
1,915,0.00231897
1,915,0.00235768
1,915,0.0025736
1,915,0.00224296
1,916,0.00225263
1,916,0.00274515
1,916,0.00231562
1,916,0.00227437
1,916,0.00241413
1,917,0.00236397
1,917,0.00241429
1,917,0.00239236
1,917,0.00228163
1,917,0.00229532
1,918,0.00235859
1,918,0.00225709
1,918,0.00232878
1,918,0.00229238
1,918,0.0023187
1,919,0.00229746
1,919,0.00234077
1,919,0.00227881
1,919,0.0023202
1,919,0.0023976
1,920,0.002414
1,920,0.00245547
1,920,0.00227996
1,920,0.00229969
1,920,0.00248101
1,921,0.00230465
1,921,0.00234506
1,921,0.00242172
1,921,0.00229915
1,921,0.00234079
1,922,0.00233793
1,922,0.00229712
1,922,0.00229861
1,922,0.0024096
1,922,0.00232949
1,923,0.00241945
1,923,0.00230393
1,923,0.00228589
1,923,0.0022791
1,923,0.0023832
1,924,0.0023973
1,924,0.00334492
1,924,0.00237616
1,924,0.00235976
1,924,0.00262826
1,925,0.00231767
1,925,0.00240267
1,925,0.0027216
1,925,0.00228845
1,925,0.00229042
1,926,0.00241005
1,926,0.00233725
1,926,0.00231226
1,926,0.00241966
1,926,0.0023225
1,927,0.00232564
1,927,0.002302
1,927,0.00230159
1,927,0.00232664
1,927,0.00236489
1,928,0.0024363
1,928,0.00237941
1,928,0.0023419
1,928,0.00283373
1,928,0.00237686
1,929,0.0024468
1,929,0.00237165
1,929,0.00244188
1,929,0.00239945
1,929,0.00234165
1,930,0.0027364
1,930,0.00234916
1,930,0.00245069
1,930,0.00246285
1,930,0.00235195
1,931,0.00266544
1,931,0.00274727
1,931,0.00234476
1,931,0.00247364
1,931,0.00234805
1,932,0.00242455
1,932,0.00232708
1,932,0.00238766
1,932,0.0023248
1,932,0.00287479
1,933,0.00240687
1,933,0.0024431
1,933,0.00246999
1,933,0.00235703
1,933,0.00232839
1,934,0.00244561
1,934,0.00240386
1,934,0.00275032
1,934,0.00238109
1,934,0.0024324
1,935,0.00252157
1,935,0.00252375
1,935,0.00237594
1,935,0.00237408
1,935,0.00238913
1,936,0.00242244
1,936,0.0024814
1,936,0.00243193
1,936,0.00236786
1,936,0.00250512
1,937,0.00237988
1,937,0.0023484
1,937,0.0023492
1,937,0.0025098
1,937,0.00241066
1,938,0.0024155
1,938,0.0023938
1,938,0.00235443
1,938,0.00235947
1,938,0.00256426
1,939,0.00242342
1,939,0.00236173
1,939,0.00245741
1,939,0.00238194
1,939,0.00263555
1,940,0.00237008
1,940,0.00250124
1,940,0.00237166
1,940,0.00240693
1,940,0.00244809
1,941,0.0027871
1,941,0.00243463
1,941,0.0025921
1,941,0.0024879
1,941,0.00245287
1,942,0.00245572
1,942,0.00244988
1,942,0.00247648
1,942,0.00248046
1,942,0.00251835
1,943,0.0026198
1,943,0.00250402
1,943,0.00246987
1,943,0.00243399
1,943,0.00255115
1,944,0.00245578
1,944,0.00254702
1,944,0.00241709
1,944,0.00253357
1,944,0.0023832
1,945,0.00249047
1,945,0.00242241
1,945,0.00250221
1,945,0.00241122
1,945,0.0025835
1,946,0.00256047
1,946,0.00258762
1,946,0.00252383
1,946,0.00266598
1,946,0.00263676
1,947,0.00254116
1,947,0.00247202
1,947,0.00250247
1,947,0.00245815
1,947,0.0026105
1,948,0.00248637
1,948,0.00256455
1,948,0.00249716
1,948,0.00257554
1,948,0.0024704
1,949,0.0025236
1,949,0.00248822
1,949,0.00256672
1,949,0.00258442
1,949,0.00256606
1,950,0.00266463
1,950,0.00257431
1,950,0.00243325
1,950,0.00248199
1,950,0.00252758
1,951,0.00250796
1,951,0.00242046
1,951,0.0026211
1,951,0.00245041
1,951,0.00250331
1,952,0.00250095
1,952,0.00251173
1,952,0.00251021
1,952,0.00245444
1,952,0.0024302
1,953,0.003004
1,953,0.00245492
1,953,0.00257211
1,953,0.002476
1,953,0.00248833
1,954,0.0025032
1,954,0.00261578
1,954,0.00250521
1,954,0.00269594
1,954,0.00244242
1,955,0.00250006
1,955,0.00256668
1,955,0.00253781
1,955,0.00244595
1,955,0.00246599
1,956,0.0025943
1,956,0.00248006
1,956,0.00245022
1,956,0.00245141
1,956,0.00259335
1,957,0.00247792
1,957,0.00249246
1,957,0.00252012
1,957,0.00245699
1,957,0.0025539
1,958,0.00250043
1,958,0.00249528
1,958,0.0027253
1,958,0.00257899
1,958,0.00253259
1,959,0.00246655
1,959,0.00247949
1,959,0.00252532
1,959,0.00258377
1,959,0.00251387
1,960,0.00264075
1,960,0.00251114
1,960,0.00271176
1,960,0.00274474
1,960,0.00256604
1,961,0.00249836
1,961,0.00250421
1,961,0.00247032
1,961,0.00260621
1,961,0.0024883
1,962,0.002597
1,962,0.00252124
1,962,0.002845
1,962,0.00248355
1,962,0.00272416
1,963,0.00250094
1,963,0.00262259
1,963,0.00252407
1,963,0.00263976
1,963,0.00254275
1,964,0.00257266
1,964,0.00257393
1,964,0.00270699
1,964,0.00256087
1,964,0.00262209
1,965,0.00249797
1,965,0.00268898
1,965,0.00253899
1,965,0.00249204
1,965,0.00292816
1,966,0.00269902
1,966,0.00252519
1,966,0.00252069
1,966,0.00251925
1,966,0.00266426
1,967,0.00257441
1,967,0.00256882
1,967,0.00270908
1,967,0.0025794
1,967,0.00320217
1,968,0.00255325
1,968,0.00270721
1,968,0.00250853
1,968,0.00253485
1,968,0.00263513
1,969,0.00266325
1,969,0.0026088
1,969,0.00260933
1,969,0.00257668
1,969,0.00262098
1,970,0.00251977
1,970,0.00259412
1,970,0.00264082
1,970,0.00254305
1,970,0.00253051
1,971,0.0025493
1,971,0.00253026
1,971,0.00270571
1,971,0.00254146
1,971,0.00259999
1,972,0.00275267
1,972,0.00258693
1,972,0.00267564
1,972,0.00254417
1,972,0.00267241
1,973,0.00261299
1,973,0.00270583
1,973,0.00256177
1,973,0.00256071
1,973,0.00254877
1,974,0.00289462
1,974,0.00256584
1,974,0.00263858
1,974,0.00258911
1,974,0.00261126
1,975,0.0025989
1,975,0.00261158
1,975,0.00256277
1,975,0.00268955
1,975,0.00269482
1,976,0.00262045
1,976,0.00264259
1,976,0.00257945
1,976,0.00279706
1,976,0.00257072
1,977,0.00258803
1,977,0.00258759
1,977,0.00273638
1,977,0.00261795
1,977,0.00255728
1,978,0.00266545
1,978,0.00270748
1,978,0.00263074
1,978,0.00265254
1,978,0.00259158
1,979,0.00260842
1,979,0.00271572
1,979,0.00273222
1,979,0.00276243
1,979,0.00259691
1,980,0.00256895
1,980,0.00281856
1,980,0.00257222
1,980,0.00261288
1,980,0.00261538
1,981,0.00261308
1,981,0.00262453
1,981,0.00265752
1,981,0.0025759
1,981,0.00263936
1,982,0.0026394
1,982,0.0027267
1,982,0.00267188
1,982,0.00274098
1,982,0.00270739
1,983,0.00265453
1,983,0.00314941
1,983,0.00271176
1,983,0.00266533
1,983,0.00267626
1,984,0.00264538
1,984,0.00275535
1,984,0.00261338
1,984,0.00259807
1,984,0.00267291
1,985,0.00265226
1,985,0.00297544
1,985,0.00271927
1,985,0.00264306
1,985,0.00264125
1,986,0.00260097
1,986,0.00263774
1,986,0.00264049
1,986,0.00274839
1,986,0.00276189
1,987,0.00263573
1,987,0.00261712
1,987,0.00277336
1,987,0.00271079
1,987,0.002823
1,988,0.00277657
1,988,0.00268654
1,988,0.00265605
1,988,0.00272822
1,988,0.00272173
1,989,0.0044507
1,989,0.00321667
1,989,0.00276543
1,989,0.00264763
1,989,0.00273282
1,990,0.0027269
1,990,0.00273488
1,990,0.00262534
1,990,0.00278606
1,990,0.00268039
1,991,0.00268044
1,991,0.00273729
1,991,0.00274627
1,991,0.00265185
1,991,0.00272111
1,992,0.00269269
1,992,0.00272922
1,992,0.00263394
1,992,0.00270461
1,992,0.0027284
1,993,0.00268694
1,993,0.00275746
1,993,0.00264896
1,993,0.0026408
1,993,0.00279767
1,994,0.00273086
1,994,0.002677
1,994,0.00270851
1,994,0.00293422
1,994,0.00266214
1,995,0.00273291
1,995,0.00272994
1,995,0.00268643
1,995,0.00300632
1,995,0.00268118
1,996,0.00269856
1,996,0.00276969
1,996,0.00278091
1,996,0.00279607
1,996,0.00286218
1,997,0.00269754
1,997,0.00272918
1,997,0.00279299
1,997,0.00276177
1,997,0.00266008
1,998,0.00275372
1,998,0.00266619
1,998,0.00314717
1,998,0.00280366
1,998,0.00268976
1,999,0.002794
1,999,0.00267829
1,999,0.00283499
1,999,0.00266993
1,999,0.00269728
1,1000,0.00284454
1,1000,0.00280816
1,1000,0.00281493
1,1000,0.00285123
1,1000,0.00275616
